1060, 150, 19
1606, 150, 14
2062, 150, 24
2170, 150, 14
2740, 150, 24
3664, 150, 24
3676, 150, 19
3808, 150, 14
4270, 150, 29
4420, 150, 39
826, 151, 24
1060, 151, 19
1606, 151, 14
2062, 151, 24
2170, 151, 14
2740, 151, 24
3664, 151, 24
3676, 151, 19
3808, 151, 14
4270, 151, 29
4420, 151, 39
826, 152, 24
1060, 152, 19
1606, 152, 14
2062, 152, 24
2170, 152, 14
2740, 152, 24
3664, 152, 24
3676, 152, 19
3808, 152, 14
4270, 152, 29
4420, 152, 39
748, 153, 24
826, 153, 24
1060, 153, 19
1606, 153, 14
2062, 153, 24
2170, 153, 14
2740, 153, 24
3664, 153, 24
3676, 153, 19
3808, 153, 14
4270, 153, 29
4420, 153, 39
748, 154, 24
826, 154, 24
1060, 154, 19
1606, 154, 14
2062, 154, 24
2170, 154, 14
2740, 154, 24
3664, 154, 24
3808, 154, 14
4270, 154, 29
4420, 154, 39
748, 155, 24
826, 155, 24
1060, 155, 19
1606, 155, 14
2062, 155, 24
2170, 155, 14
2740, 155, 24
3664, 155, 24
3808, 155, 14
4270, 155, 29
4372, 155, 14
4420, 155, 39
748, 156, 24
826, 156, 24
1060, 156, 19
1606, 156, 14
2062, 156, 24
2170, 156, 14
2740, 156, 24
3664, 156, 24
3808, 156, 14
4270, 156, 29
4372, 156, 14
4420, 156, 39
748, 157, 24
826, 157, 24
1060, 157, 19
1606, 157, 14
2062, 157, 24
2170, 157, 14
2740, 157, 24
3130, 157, 24
3664, 157, 24
3808, 157, 14
4270, 157, 29
4372, 157, 14
4420, 157, 39
748, 158, 24
826, 158, 24
1060, 158, 19
1606, 158, 14
2062, 158, 24
2170, 158, 14
2740, 158, 24
3130, 158, 24
3664, 158, 24
3808, 158, 14
4270, 158, 29
4372, 158, 14
4420, 158, 39
748, 159, 24
826, 159, 24
1060, 159, 19
1606, 159, 14
2062, 159, 24
2170, 159, 14
2740, 159, 24
3130, 159, 24
3664, 159, 24
3808, 159, 14
4270, 159, 29
4372, 159, 14
4420, 159, 39
748, 160, 24
826, 160, 24
1060, 160, 19
1606, 160, 14
2062, 160, 24
2170, 160, 14
2740, 160, 24
3130, 160, 24
3664, 160, 24
3808, 160, 14
4270, 160, 29
4372, 160, 14
4420, 160, 39
748, 161, 24
826, 161, 24
1060, 161, 19
1606, 161, 14
2062, 161, 24
2170, 161, 14
2740, 161, 24
3130, 161, 24
3664, 161, 24
3808, 161, 14
4270, 161, 29
4372, 161, 14
4420, 161, 39
748, 162, 24
826, 162, 24
1060, 162, 19
1606, 162, 14
2062, 162, 24
2740, 162, 24
3130, 162, 24
3664, 162, 24
3808, 162, 14
4270, 162, 29
4372, 162, 14
4420, 162, 39
748, 163, 24
826, 163, 24
1060, 163, 19
1606, 163, 14
2062, 163, 24
2740, 163, 24
3130, 163, 24
3664, 163, 24
3808, 163, 14
4270, 163, 29
4420, 163, 39
748, 164, 24
826, 164, 24
1060, 164, 19
1606, 164, 14
2062, 164, 24
2740, 164, 24
3130, 164, 24
3664, 164, 24
3808, 164, 14
4270, 164, 29
4420, 164, 39
748, 165, 24
826, 165, 24
1060, 165, 19
1606, 165, 14
2062, 165, 24
2740, 165, 24
3130, 165, 24
3664, 165, 24
3808, 165, 14
4270, 165, 29
4420, 165, 39
748, 166, 24
826, 166, 24
1060, 166, 19
1606, 166, 14
2062, 166, 24
2740, 166, 24
3130, 166, 24
3664, 166, 24
3676, 166, 19
3808, 166, 14
4270, 166, 29
4420, 166, 39
748, 167, 24
826, 167, 24
1060, 167, 19
1606, 167, 14
2062, 167, 24
2740, 167, 24
3130, 167, 24
3664, 167, 24
3676, 167, 19
3808, 167, 14
4270, 167, 29
4420, 167, 39
748, 168, 24
826, 168, 24
1060, 168, 19
1606, 168, 14
2062, 168, 24
2740, 168, 24
3130, 168, 24
3664, 168, 24
3676, 168, 19
3808, 168, 14
4270, 168, 29
4420, 168, 39
748, 169, 24
826, 169, 24
1060, 169, 19
1606, 169, 14
2062, 169, 24
2740, 169, 24
3130, 169, 24
3664, 169, 24
3676, 169, 19
3808, 169, 14
4270, 169, 29
4420, 169, 39
748, 170, 24
826, 170, 24
1060, 170, 19
1606, 170, 14
2062, 170, 24
2740, 170, 24
3130, 170, 24
3676, 170, 19
3808, 170, 14
4270, 170, 29
4420, 170, 39
748, 171, 24
826, 171, 24
1060, 171, 19
1606, 171, 14
2062, 171, 24
2740, 171, 24
3130, 171, 24
3676, 171, 19
3808, 171, 14
4270, 171, 29
4420, 171, 39
748, 172, 24
826, 172, 24
1060, 172, 19
1606, 172, 14
2062, 172, 24
3130, 172, 24
3676, 172, 19
3808, 172, 14
4270, 172, 29
4420, 172, 39
748, 173, 24
826, 173, 24
1060, 173, 19
1606, 173, 14
2062, 173, 24
3130, 173, 24
3676, 173, 19
3808, 173, 14
4270, 173, 29
748, 174, 24
826, 174, 24
1060, 174, 19
1606, 174, 14
2062, 174, 24
3130, 174, 24
3676, 174, 19
3808, 174, 14
4270, 174, 29
748, 175, 24
826, 175, 24
1060, 175, 19
1606, 175, 14
2062, 175, 24
3130, 175, 24
3676, 175, 19
3808, 175, 14
4270, 175, 29
748, 176, 24
826, 176, 24
1060, 176, 19
1606, 176, 14
2062, 176, 24
3130, 176, 24
3676, 176, 19
3808, 176, 14
4270, 176, 29
748, 177, 24
826, 177, 24
1060, 177, 19
1606, 177, 14
2062, 177, 24
3130, 177, 24
3676, 177, 19
3808, 177, 14
4270, 177, 29
748, 178, 24
826, 178, 24
1060, 178, 19
1606, 178, 14
2062, 178, 24
3130, 178, 24
3676, 178, 19
3808, 178, 14
4270, 178, 29
748, 179, 24
826, 179, 24
1060, 179, 19
1606, 179, 14
2062, 179, 24
3130, 179, 24
3676, 179, 19
3808, 179, 14
4270, 179, 29
748, 180, 24
826, 180, 24
1060, 180, 19
1606, 180, 14
2062, 180, 24
3130, 180, 24
3676, 180, 19
3808, 180, 14
4270, 180, 29
748, 181, 24
826, 181, 24
1060, 181, 19
1606, 181, 14
2062, 181, 24
3130, 181, 24
3676, 181, 19
3808, 181, 14
4270, 181, 29
748, 182, 24
826, 182, 24
1060, 182, 19
1606, 182, 14
2062, 182, 24
3130, 182, 24
3676, 182, 19
3808, 182, 14
4270, 182, 29
748, 183, 24
826, 183, 24
1060, 183, 19
1606, 183, 14
2062, 183, 24
3676, 183, 19
3808, 183, 14
4270, 183, 29
748, 184, 24
826, 184, 24
1060, 184, 19
1606, 184, 14
2062, 184, 24
3676, 184, 19
3808, 184, 14
4270, 184, 29
748, 185, 24
1060, 185, 19
1606, 185, 14
2062, 185, 24
3676, 185, 19
3808, 185, 14
4270, 185, 29
1060, 186, 19
1606, 186, 14
2062, 186, 24
3676, 186, 19
3808, 186, 14
4270, 186, 29
1060, 187, 19
1606, 187, 14
2062, 187, 24
3676, 187, 19
3808, 187, 14
4270, 187, 29
1060, 188, 19
1606, 188, 14
2062, 188, 24
3676, 188, 19
3808, 188, 14
4270, 188, 29
1060, 189, 19
1606, 189, 14
2062, 189, 24
3676, 189, 19
3808, 189, 14
4270, 189, 29
1060, 190, 19
1606, 190, 14
2062, 190, 24
3676, 190, 19
3808, 190, 14
4270, 190, 29
1060, 191, 19
1504, 191, 19
1606, 191, 14
2062, 191, 24
3676, 191, 19
3808, 191, 14
4270, 191, 29
1060, 192, 19
1504, 192, 19
1606, 192, 14
2062, 192, 24
3676, 192, 19
3808, 192, 14
4270, 192, 29
868, 193, 19
1060, 193, 19
1504, 193, 19
1606, 193, 14
2062, 193, 24
3676, 193, 19
3808, 193, 14
4270, 193, 29
868, 194, 19
1060, 194, 19
1504, 194, 19
1606, 194, 14
2062, 194, 24
3676, 194, 19
3808, 194, 14
4270, 194, 29
868, 195, 19
1060, 195, 19
1504, 195, 19
1606, 195, 14
2062, 195, 24
3676, 195, 19
3808, 195, 14
4270, 195, 29
868, 196, 19
1060, 196, 19
1504, 196, 19
1606, 196, 14
2062, 196, 24
3676, 196, 19
3808, 196, 14
4270, 196, 29
868, 197, 19
1060, 197, 19
1504, 197, 19
1606, 197, 14
2062, 197, 24
3676, 197, 19
3808, 197, 14
4270, 197, 29
868, 198, 19
1060, 198, 19
1504, 198, 19
2062, 198, 24
3676, 198, 19
3808, 198, 14
4270, 198, 29
868, 199, 19
1060, 199, 19
1504, 199, 19
2062, 199, 24
3676, 199, 19
3808, 199, 14
4270, 199, 29
868, 200, 19
1060, 200, 19
1504, 200, 19
2062, 200, 24
3676, 200, 19
3808, 200, 14
4270, 200, 29
868, 201, 19
1060, 201, 19
1504, 201, 19
2062, 201, 24
3676, 201, 19
3808, 201, 14
4270, 201, 29
868, 202, 19
1060, 202, 19
1504, 202, 19
2062, 202, 24
3676, 202, 19
3808, 202, 14
4270, 202, 29
868, 203, 19
1060, 203, 19
1444, 203, 24
1504, 203, 19
2062, 203, 24
3676, 203, 19
3808, 203, 14
4270, 203, 29
868, 204, 19
1060, 204, 19
1444, 204, 24
1504, 204, 19
2062, 204, 24
3676, 204, 19
3808, 204, 14
4270, 204, 29
868, 205, 19
1060, 205, 19
1444, 205, 24
1504, 205, 19
2062, 205, 24
3676, 205, 19
3808, 205, 14
4270, 205, 29
868, 206, 19
1444, 206, 24
1504, 206, 19
2062, 206, 24
3676, 206, 19
3808, 206, 14
4270, 206, 29
868, 207, 19
1444, 207, 24
1504, 207, 19
2062, 207, 24
3676, 207, 19
3808, 207, 14
4270, 207, 29
868, 208, 19
1444, 208, 24
1504, 208, 19
2062, 208, 24
3676, 208, 19
3808, 208, 14
4270, 208, 29
868, 209, 19
1444, 209, 24
1504, 209, 19
2062, 209, 24
3676, 209, 19
3808, 209, 14
4270, 209, 29
868, 210, 19
1444, 210, 24
1504, 210, 19
2062, 210, 24
3676, 210, 19
3808, 210, 14
4270, 210, 29
214, 211, 19
868, 211, 19
1444, 211, 24
1504, 211, 19
3676, 211, 19
3808, 211, 14
4270, 211, 29
214, 212, 19
868, 212, 19
1444, 212, 24
1504, 212, 19
1732, 212, 24
3676, 212, 19
3808, 212, 14
4270, 212, 29
214, 213, 19
556, 213, 24
868, 213, 19
1444, 213, 24
1504, 213, 19
1732, 213, 24
2140, 213, 24
3676, 213, 19
3808, 213, 14
4270, 213, 29
214, 214, 19
556, 214, 24
868, 214, 19
1444, 214, 24
1504, 214, 19
1732, 214, 24
2140, 214, 24
3676, 214, 19
3808, 214, 14
4270, 214, 29
214, 215, 19
556, 215, 24
868, 215, 19
1444, 215, 24
1504, 215, 19
1732, 215, 24
2140, 215, 24
3676, 215, 19
3808, 215, 14
4270, 215, 29
214, 216, 19
556, 216, 24
868, 216, 19
1444, 216, 24
1504, 216, 19
1732, 216, 24
2140, 216, 24
3676, 216, 19
3808, 216, 14
4270, 216, 29
214, 217, 19
556, 217, 24
868, 217, 19
1444, 217, 24
1504, 217, 19
1732, 217, 24
2140, 217, 24
3676, 217, 19
3808, 217, 14
4270, 217, 29
214, 218, 19
556, 218, 24
868, 218, 19
1444, 218, 24
1504, 218, 19
1732, 218, 24
2140, 218, 24
3676, 218, 19
3808, 218, 14
4270, 218, 29
214, 219, 19
556, 219, 24
868, 219, 19
1444, 219, 24
1504, 219, 19
1732, 219, 24
2140, 219, 24
3676, 219, 19
3808, 219, 14
4270, 219, 29
214, 220, 19
556, 220, 24
868, 220, 19
1444, 220, 24
1504, 220, 19
1732, 220, 24
2140, 220, 24
3676, 220, 19
3808, 220, 14
4270, 220, 29
214, 221, 19
556, 221, 24
868, 221, 19
1444, 221, 24
1504, 221, 19
1732, 221, 24
2140, 221, 24
3676, 221, 19
3808, 221, 14
4270, 221, 29
214, 222, 19
556, 222, 24
868, 222, 19
1444, 222, 24
1504, 222, 19
1732, 222, 24
2140, 222, 24
3172, 222, 29
3676, 222, 19
3808, 222, 14
4270, 222, 29
214, 223, 19
556, 223, 24
868, 223, 19
1444, 223, 24
1504, 223, 19
1732, 223, 24
2140, 223, 24
3172, 223, 29
3676, 223, 19
3808, 223, 14
4270, 223, 29
214, 224, 19
556, 224, 24
868, 224, 19
1444, 224, 24
1504, 224, 19
1732, 224, 24
2140, 224, 24
3172, 224, 29
3676, 224, 19
3808, 224, 14
4270, 224, 29
214, 225, 19
556, 225, 24
868, 225, 19
1444, 225, 24
1504, 225, 19
1732, 225, 24
2140, 225, 24
3172, 225, 29
3676, 225, 19
3808, 225, 14
4270, 225, 29
214, 226, 19
556, 226, 24
868, 226, 19
1444, 226, 24
1504, 226, 19
1732, 226, 24
2140, 226, 24
3172, 226, 29
3676, 226, 19
3808, 226, 14
4270, 226, 29
214, 227, 19
556, 227, 24
868, 227, 19
1444, 227, 24
1504, 227, 19
1732, 227, 24
2140, 227, 24
3172, 227, 29
3676, 227, 19
3808, 227, 14
4270, 227, 29
214, 228, 19
556, 228, 24
868, 228, 19
1444, 228, 24
1504, 228, 19
1732, 228, 24
2140, 228, 24
3172, 228, 29
3676, 228, 19
3808, 228, 14
4270, 228, 29
214, 229, 19
556, 229, 24
868, 229, 19
1444, 229, 24
1504, 229, 19
1732, 229, 24
2140, 229, 24
3172, 229, 29
3676, 229, 19
3808, 229, 14
4270, 229, 29
214, 230, 19
556, 230, 24
868, 230, 19
1444, 230, 24
1504, 230, 19
1732, 230, 24
2140, 230, 24
3172, 230, 29
3676, 230, 19
3808, 230, 14
4270, 230, 29
214, 231, 19
556, 231, 24
868, 231, 19
1444, 231, 24
1504, 231, 19
1732, 231, 24
2140, 231, 24
3172, 231, 29
3676, 231, 19
3808, 231, 14
4270, 231, 29
214, 232, 19
556, 232, 24
868, 232, 19
1444, 232, 24
1504, 232, 19
1732, 232, 24
2140, 232, 24
3172, 232, 29
3676, 232, 19
3808, 232, 14
4270, 232, 29
214, 233, 19
556, 233, 24
868, 233, 19
1336, 233, 19
1444, 233, 24
1504, 233, 19
1732, 233, 24
2140, 233, 24
3172, 233, 29
3676, 233, 19
3808, 233, 14
4270, 233, 29
214, 234, 19
556, 234, 24
868, 234, 19
1336, 234, 19
1444, 234, 24
1504, 234, 19
1732, 234, 24
2140, 234, 24
3172, 234, 29
3676, 234, 19
3808, 234, 14
4270, 234, 29
214, 235, 19
556, 235, 24
868, 235, 19
1336, 235, 19
1444, 235, 24
1504, 235, 19
1732, 235, 24
2140, 235, 24
3172, 235, 29
3676, 235, 19
3808, 235, 14
4270, 235, 29
214, 236, 19
556, 236, 24
868, 236, 19
1336, 236, 19
1444, 236, 24
1504, 236, 19
1732, 236, 24
2140, 236, 24
3172, 236, 29
3676, 236, 19
3808, 236, 14
4270, 236, 29
214, 237, 19
556, 237, 24
868, 237, 19
1336, 237, 19
1444, 237, 24
1504, 237, 19
1732, 237, 24
2140, 237, 24
3172, 237, 29
3676, 237, 19
3808, 237, 14
4270, 237, 29
214, 238, 19
556, 238, 24
868, 238, 19
1336, 238, 19
1444, 238, 24
1504, 238, 19
1732, 238, 24
2140, 238, 24
3172, 238, 29
3676, 238, 19
4270, 238, 29
214, 239, 19
556, 239, 24
868, 239, 19
1336, 239, 19
1444, 239, 24
1504, 239, 19
1732, 239, 24
2140, 239, 24
3676, 239, 19
4270, 239, 29
214, 240, 19
556, 240, 24
868, 240, 19
1336, 240, 19
1444, 240, 24
1504, 240, 19
1732, 240, 24
2140, 240, 24
3676, 240, 19
4270, 240, 29
214, 241, 19
556, 241, 24
868, 241, 19
1336, 241, 19
1444, 241, 24
1504, 241, 19
1732, 241, 24
2140, 241, 24
3676, 241, 19
4270, 241, 29
214, 242, 19
556, 242, 24
868, 242, 19
1336, 242, 19
1444, 242, 24
1504, 242, 19
1732, 242, 24
2140, 242, 24
3676, 242, 19
4270, 242, 29
214, 243, 19
556, 243, 24
868, 243, 19
1336, 243, 19
1444, 243, 24
1504, 243, 19
1732, 243, 24
2140, 243, 24
3676, 243, 19
214, 244, 19
556, 244, 24
868, 244, 19
1336, 244, 19
1444, 244, 24
1504, 244, 19
1732, 244, 24
2140, 244, 24
3676, 244, 19
214, 245, 19
556, 245, 24
868, 245, 19
1444, 245, 24
1504, 245, 19
1732, 245, 24
2140, 245, 24
3676, 245, 19
214, 246, 19
556, 246, 24
868, 246, 19
1444, 246, 24
1504, 246, 19
1732, 246, 24
2140, 246, 24
3676, 246, 19
214, 247, 19
556, 247, 24
868, 247, 19
1504, 247, 19
1732, 247, 24
2140, 247, 24
3676, 247, 19
214, 248, 19
556, 248, 24
868, 248, 19
1504, 248, 19
1732, 248, 24
2140, 248, 24
3676, 248, 19
214, 249, 19
556, 249, 24
868, 249, 19
1504, 249, 19
1732, 249, 24
2140, 249, 24
3676, 249, 19
136, 250, 24
214, 250, 19
556, 250, 24
868, 250, 19
1504, 250, 19
2140, 250, 24
3676, 250, 19
136, 251, 24
214, 251, 19
556, 251, 24
868, 251, 19
1504, 251, 19
2140, 251, 24
3676, 251, 19
136, 252, 24
214, 252, 19
556, 252, 24
868, 252, 19
1504, 252, 19
2140, 252, 24
3676, 252, 19
136, 253, 24
214, 253, 19
556, 253, 24
868, 253, 19
1336, 253, 19
1504, 253, 19
2140, 253, 24
3676, 253, 19
136, 254, 24
214, 254, 19
556, 254, 24
868, 254, 19
1336, 254, 19
1504, 254, 19
2140, 254, 24
3676, 254, 19
136, 255, 24
214, 255, 19
556, 255, 24
868, 255, 19
1336, 255, 19
1504, 255, 19
2140, 255, 24
3676, 255, 19
136, 256, 24
214, 256, 19
556, 256, 24
868, 256, 19
1336, 256, 19
1504, 256, 19
2140, 256, 24
3676, 256, 19
136, 257, 24
214, 257, 19
556, 257, 24
868, 257, 19
1336, 257, 19
1504, 257, 19
2140, 257, 24
3676, 257, 19
136, 258, 24
214, 258, 19
556, 258, 24
868, 258, 19
1336, 258, 19
1504, 258, 19
2140, 258, 24
3676, 258, 19
136, 259, 24
214, 259, 19
556, 259, 24
868, 259, 19
1336, 259, 19
1504, 259, 19
2140, 259, 24
3676, 259, 19
136, 260, 24
214, 260, 19
556, 260, 24
868, 260, 19
1336, 260, 19
1504, 260, 19
2140, 260, 24
3676, 260, 19
136, 261, 24
214, 261, 19
556, 261, 24
700, 261, 14
868, 261, 19
1336, 261, 19
1504, 261, 19
2140, 261, 24
3676, 261, 19
136, 262, 24
214, 262, 19
556, 262, 24
700, 262, 14
868, 262, 19
1336, 262, 19
1504, 262, 19
2140, 262, 24
3676, 262, 19
3856, 262, 19
136, 263, 24
214, 263, 19
556, 263, 24
700, 263, 14
868, 263, 19
1336, 263, 19
1504, 263, 19
2140, 263, 24
3676, 263, 19
3856, 263, 19
136, 264, 24
214, 264, 19
556, 264, 24
700, 264, 14
868, 264, 19
1336, 264, 19
1504, 264, 19
2140, 264, 24
3676, 264, 19
3856, 264, 19
136, 265, 24
214, 265, 19
556, 265, 24
700, 265, 14
868, 265, 19
1336, 265, 19
1504, 265, 19
2140, 265, 24
3676, 265, 19
3856, 265, 19
136, 266, 24
214, 266, 19
556, 266, 24
700, 266, 14
868, 266, 19
1336, 266, 19
1504, 266, 19
2140, 266, 24
3676, 266, 19
3856, 266, 19
136, 267, 24
214, 267, 19
556, 267, 24
700, 267, 14
868, 267, 19
1336, 267, 19
1504, 267, 19
2140, 267, 24
3676, 267, 19
3856, 267, 19
136, 268, 24
214, 268, 19
556, 268, 24
700, 268, 14
868, 268, 19
1336, 268, 19
1504, 268, 19
2140, 268, 24
3676, 268, 19
3856, 268, 19
136, 269, 24
214, 269, 19
556, 269, 24
700, 269, 14
868, 269, 19
1336, 269, 19
1504, 269, 19
2140, 269, 24
3676, 269, 19
3856, 269, 19
136, 270, 24
214, 270, 19
556, 270, 24
700, 270, 14
868, 270, 19
1336, 270, 19
1504, 270, 19
2140, 270, 24
3676, 270, 19
3856, 270, 19
136, 271, 24
214, 271, 19
556, 271, 24
700, 271, 14
1336, 271, 19
1504, 271, 19
2140, 271, 24
3676, 271, 19
3856, 271, 19
136, 272, 24
214, 272, 19
556, 272, 24
700, 272, 14
1336, 272, 19
1504, 272, 19
2140, 272, 24
3676, 272, 19
3856, 272, 19
136, 273, 24
214, 273, 19
556, 273, 24
700, 273, 14
1336, 273, 19
1504, 273, 19
2140, 273, 24
3676, 273, 19
3856, 273, 19
136, 274, 24
214, 274, 19
556, 274, 24
700, 274, 14
1336, 274, 19
1504, 274, 19
2140, 274, 24
3676, 274, 19
3856, 274, 19
136, 275, 24
214, 275, 19
556, 275, 24
700, 275, 14
1336, 275, 19
1504, 275, 19
2140, 275, 24
3676, 275, 19
3856, 275, 19
136, 276, 24
214, 276, 19
556, 276, 24
700, 276, 14
1336, 276, 19
1504, 276, 19
2140, 276, 24
3676, 276, 19
3856, 276, 19
136, 277, 24
214, 277, 19
556, 277, 24
700, 277, 14
1336, 277, 19
1504, 277, 19
2140, 277, 24
3676, 277, 19
3856, 277, 19
136, 278, 24
214, 278, 19
556, 278, 24
700, 278, 14
1336, 278, 19
1504, 278, 19
2140, 278, 24
3676, 278, 19
3856, 278, 19
136, 279, 24
214, 279, 19
556, 279, 24
700, 279, 14
1504, 279, 19
2140, 279, 24
3676, 279, 19
3856, 279, 19
136, 280, 24
214, 280, 19
556, 280, 24
700, 280, 14
1504, 280, 19
2140, 280, 24
3676, 280, 19
3856, 280, 19
136, 281, 24
214, 281, 19
556, 281, 24
700, 281, 14
1504, 281, 19
2140, 281, 24
3676, 281, 19
3856, 281, 19
136, 282, 24
214, 282, 19
556, 282, 24
700, 282, 14
1264, 282, 24
1504, 282, 19
1864, 282, 19
2140, 282, 24
3676, 282, 19
3856, 282, 19
136, 283, 24
214, 283, 19
556, 283, 24
700, 283, 14
1264, 283, 24
1504, 283, 19
1864, 283, 19
2140, 283, 24
3676, 283, 19
3856, 283, 19
136, 284, 24
214, 284, 19
556, 284, 24
700, 284, 14
1264, 284, 24
1504, 284, 19
1864, 284, 19
2140, 284, 24
3676, 284, 19
3856, 284, 19
136, 285, 24
214, 285, 19
556, 285, 24
700, 285, 14
904, 285, 24
1264, 285, 24
1504, 285, 19
1708, 285, 24
1864, 285, 19
2140, 285, 24
3676, 285, 19
3856, 285, 19
136, 286, 24
214, 286, 19
556, 286, 24
700, 286, 14
904, 286, 24
1264, 286, 24
1504, 286, 19
1708, 286, 24
1864, 286, 19
2140, 286, 24
3676, 286, 19
3856, 286, 19
136, 287, 24
214, 287, 19
556, 287, 24
700, 287, 14
904, 287, 24
1264, 287, 24
1504, 287, 19
1708, 287, 24
1864, 287, 19
2140, 287, 24
3676, 287, 19
3856, 287, 19
136, 288, 24
214, 288, 19
556, 288, 24
700, 288, 14
904, 288, 24
1264, 288, 24
1504, 288, 19
1708, 288, 24
1864, 288, 19
2140, 288, 24
3676, 288, 19
3856, 288, 19
136, 289, 24
214, 289, 19
556, 289, 24
700, 289, 14
904, 289, 24
1264, 289, 24
1504, 289, 19
1708, 289, 24
1864, 289, 19
2140, 289, 24
3676, 289, 19
3856, 289, 19
136, 290, 24
214, 290, 19
556, 290, 24
700, 290, 14
904, 290, 24
1264, 290, 24
1504, 290, 19
1708, 290, 24
1864, 290, 19
2140, 290, 24
3676, 290, 19
3856, 290, 19
136, 291, 24
214, 291, 19
556, 291, 24
700, 291, 14
904, 291, 24
1264, 291, 24
1504, 291, 19
1708, 291, 24
1864, 291, 19
2140, 291, 24
3676, 291, 19
3856, 291, 19
136, 292, 24
214, 292, 19
556, 292, 24
700, 292, 14
904, 292, 24
1264, 292, 24
1504, 292, 19
1708, 292, 24
1864, 292, 19
2140, 292, 24
3676, 292, 19
3856, 292, 19
136, 293, 24
214, 293, 19
556, 293, 24
700, 293, 14
904, 293, 24
1264, 293, 24
1504, 293, 19
1708, 293, 24
1864, 293, 19
2140, 293, 24
3676, 293, 19
3856, 293, 19
136, 294, 24
214, 294, 19
556, 294, 24
700, 294, 14
904, 294, 24
1264, 294, 24
1504, 294, 19
1708, 294, 24
1864, 294, 19
2140, 294, 24
3676, 294, 19
3856, 294, 19
136, 295, 24
214, 295, 19
556, 295, 24
700, 295, 14
904, 295, 24
1264, 295, 24
1504, 295, 19
1708, 295, 24
1864, 295, 19
2140, 295, 24
3676, 295, 19
3856, 295, 19
136, 296, 24
214, 296, 19
556, 296, 24
700, 296, 14
904, 296, 24
1264, 296, 24
1504, 296, 19
1708, 296, 24
1864, 296, 19
2140, 296, 24
3676, 296, 19
3856, 296, 19
136, 297, 24
214, 297, 19
556, 297, 24
700, 297, 14
904, 297, 24
1264, 297, 24
1504, 297, 19
1708, 297, 24
1864, 297, 19
2140, 297, 24
3676, 297, 19
3856, 297, 19
136, 298, 24
214, 298, 19
556, 298, 24
700, 298, 14
904, 298, 24
1264, 298, 24
1504, 298, 19
1708, 298, 24
1864, 298, 19
2140, 298, 24
3676, 298, 19
3856, 298, 19
136, 299, 24
214, 299, 19
556, 299, 24
700, 299, 14
904, 299, 24
1264, 299, 24
1504, 299, 19
1708, 299, 24
1864, 299, 19
2140, 299, 24
2440, 299, 19
3676, 299, 19
3856, 299, 19
136, 300, 24
214, 300, 19
556, 300, 24
700, 300, 14
904, 300, 24
1264, 300, 24
1504, 300, 19
1708, 300, 24
1864, 300, 19
2140, 300, 24
2440, 300, 19
3676, 300, 19
3856, 300, 19
136, 301, 24
214, 301, 19
556, 301, 24
700, 301, 14
904, 301, 24
1264, 301, 24
1504, 301, 19
1708, 301, 24
1864, 301, 19
2140, 301, 24
2440, 301, 19
3676, 301, 19
3856, 301, 19
136, 302, 24
214, 302, 19
556, 302, 24
700, 302, 14
904, 302, 24
1264, 302, 24
1504, 302, 19
1708, 302, 24
1864, 302, 19
2140, 302, 24
2440, 302, 19
3676, 302, 19
3856, 302, 19
136, 303, 24
214, 303, 19
556, 303, 24
700, 303, 14
904, 303, 24
1264, 303, 24
1504, 303, 19
1708, 303, 24
1864, 303, 19
2140, 303, 24
2440, 303, 19
3676, 303, 19
3856, 303, 19
136, 304, 24
556, 304, 24
700, 304, 14
904, 304, 24
1264, 304, 24
1504, 304, 19
1708, 304, 24
1864, 304, 19
2140, 304, 24
2440, 304, 19
3676, 304, 19
3856, 304, 19
136, 305, 24
556, 305, 24
700, 305, 14
904, 305, 24
1264, 305, 24
1504, 305, 19
1708, 305, 24
1864, 305, 19
2140, 305, 24
2440, 305, 19
3676, 305, 19
3856, 305, 19
136, 306, 24
556, 306, 24
700, 306, 14
904, 306, 24
1264, 306, 24
1708, 306, 24
1864, 306, 19
2140, 306, 24
2440, 306, 19
3676, 306, 19
3856, 306, 19
136, 307, 24
556, 307, 24
700, 307, 14
904, 307, 24
1264, 307, 24
1708, 307, 24
1864, 307, 19
2140, 307, 24
2440, 307, 19
3676, 307, 19
3856, 307, 19
136, 308, 24
556, 308, 24
700, 308, 14
904, 308, 24
1264, 308, 24
1708, 308, 24
1864, 308, 19
2140, 308, 24
2440, 308, 19
3676, 308, 19
3856, 308, 19
136, 309, 24
556, 309, 24
700, 309, 14
904, 309, 24
1264, 309, 24
1708, 309, 24
1864, 309, 19
2140, 309, 24
2440, 309, 19
3856, 309, 19
136, 310, 24
556, 310, 24
700, 310, 14
904, 310, 24
1264, 310, 24
1708, 310, 24
1864, 310, 19
2062, 310, 24
2140, 310, 24
2440, 310, 19
3856, 310, 19
136, 311, 24
556, 311, 24
562, 311, 19
700, 311, 14
904, 311, 24
1264, 311, 24
1708, 311, 24
1864, 311, 19
2062, 311, 24
2140, 311, 24
2440, 311, 19
3856, 311, 19
136, 312, 24
556, 312, 24
562, 312, 19
700, 312, 14
904, 312, 24
1264, 312, 24
1708, 312, 24
1864, 312, 19
2062, 312, 24
2140, 312, 24
2440, 312, 19
3856, 312, 19
136, 313, 24
556, 313, 24
562, 313, 19
700, 313, 14
904, 313, 24
1264, 313, 24
1708, 313, 24
1864, 313, 19
2062, 313, 24
2140, 313, 24
2440, 313, 19
3856, 313, 19
136, 314, 24
556, 314, 24
562, 314, 19
700, 314, 14
904, 314, 24
1264, 314, 24
1708, 314, 24
1864, 314, 19
2062, 314, 24
2140, 314, 24
2440, 314, 19
3856, 314, 19
136, 315, 24
556, 315, 24
562, 315, 19
700, 315, 14
904, 315, 24
1264, 315, 24
1708, 315, 24
1864, 315, 19
2062, 315, 24
2140, 315, 24
2440, 315, 19
3856, 315, 19
136, 316, 24
556, 316, 24
562, 316, 19
700, 316, 14
904, 316, 24
1264, 316, 24
1708, 316, 24
1864, 316, 19
2062, 316, 24
2140, 316, 24
2440, 316, 19
3856, 316, 19
556, 317, 24
562, 317, 19
700, 317, 14
904, 317, 24
1264, 317, 24
1708, 317, 24
1864, 317, 19
2062, 317, 24
2440, 317, 19
3856, 317, 19
556, 318, 24
562, 318, 19
700, 318, 14
904, 318, 24
1264, 318, 24
1708, 318, 24
1864, 318, 19
2062, 318, 24
2440, 318, 19
3856, 318, 19
556, 319, 24
562, 319, 19
700, 319, 14
1264, 319, 24
1708, 319, 24
1864, 319, 19
2062, 319, 24
2440, 319, 19
3856, 319, 19
556, 320, 24
562, 320, 19
700, 320, 14
1264, 320, 24
1864, 320, 19
2062, 320, 24
2440, 320, 19
3856, 320, 19
556, 321, 24
562, 321, 19
700, 321, 14
1264, 321, 24
1864, 321, 19
2062, 321, 24
2440, 321, 19
3856, 321, 19
556, 322, 24
562, 322, 19
700, 322, 14
1264, 322, 24
1864, 322, 19
2062, 322, 24
2440, 322, 19
3856, 322, 19
70, 323, 24
556, 323, 24
562, 323, 19
700, 323, 14
1864, 323, 19
2062, 323, 24
2440, 323, 19
3856, 323, 19
70, 324, 24
556, 324, 24
562, 324, 19
700, 324, 14
1828, 324, 24
1864, 324, 19
2062, 324, 24
2440, 324, 19
3292, 324, 24
3856, 324, 19
70, 325, 24
556, 325, 24
562, 325, 19
700, 325, 14
1828, 325, 24
1864, 325, 19
2062, 325, 24
2440, 325, 19
3292, 325, 24
3856, 325, 19
70, 326, 24
556, 326, 24
562, 326, 19
700, 326, 14
1828, 326, 24
1864, 326, 19
2062, 326, 24
2440, 326, 19
3292, 326, 24
3856, 326, 19
70, 327, 24
556, 327, 24
562, 327, 19
700, 327, 14
1828, 327, 24
1864, 327, 19
2062, 327, 24
2440, 327, 19
3292, 327, 24
3856, 327, 19
70, 328, 24
556, 328, 24
562, 328, 19
700, 328, 14
1828, 328, 24
1864, 328, 19
2062, 328, 24
2440, 328, 19
3292, 328, 24
3856, 328, 19
70, 329, 24
556, 329, 24
562, 329, 19
700, 329, 14
1828, 329, 24
1864, 329, 19
2062, 329, 24
2440, 329, 19
3292, 329, 24
3856, 329, 19
70, 330, 24
562, 330, 19
700, 330, 14
1828, 330, 24
1864, 330, 19
2062, 330, 24
2440, 330, 19
3292, 330, 24
3856, 330, 19
70, 331, 24
562, 331, 19
700, 331, 14
1828, 331, 24
1864, 331, 19
2062, 331, 24
2440, 331, 19
3292, 331, 24
3856, 331, 19
70, 332, 24
562, 332, 19
700, 332, 14
1828, 332, 24
1864, 332, 19
2062, 332, 24
2440, 332, 19
3292, 332, 24
3856, 332, 19
70, 333, 24
562, 333, 19
700, 333, 14
1828, 333, 24
1864, 333, 19
2062, 333, 24
2440, 333, 19
3292, 333, 24
3856, 333, 19
70, 334, 24
562, 334, 19
700, 334, 14
1828, 334, 24
1864, 334, 19
2062, 334, 24
2440, 334, 19
3292, 334, 24
3856, 334, 19
70, 335, 24
562, 335, 19
700, 335, 14
1828, 335, 24
1864, 335, 19
2062, 335, 24
2440, 335, 19
3292, 335, 24
3856, 335, 19
70, 336, 24
562, 336, 19
700, 336, 14
1828, 336, 24
1864, 336, 19
2062, 336, 24
2440, 336, 19
3292, 336, 24
3856, 336, 19
70, 337, 24
562, 337, 19
700, 337, 14
1828, 337, 24
1864, 337, 19
2062, 337, 24
2440, 337, 19
3292, 337, 24
3856, 337, 19
70, 338, 24
562, 338, 19
700, 338, 14
1828, 338, 24
1864, 338, 19
2062, 338, 24
2440, 338, 19
3292, 338, 24
3856, 338, 19
70, 339, 24
562, 339, 19
700, 339, 14
1828, 339, 24
1864, 339, 19
2062, 339, 24
2440, 339, 19
3292, 339, 24
3856, 339, 19
70, 340, 24
562, 340, 19
700, 340, 14
1828, 340, 24
1864, 340, 19
2062, 340, 24
2440, 340, 19
3292, 340, 24
3856, 340, 19
70, 341, 24
562, 341, 19
700, 341, 14
1828, 341, 24
1864, 341, 19
2440, 341, 19
3292, 341, 24
3856, 341, 19
70, 342, 24
562, 342, 19
700, 342, 14
1828, 342, 24
1864, 342, 19
2440, 342, 19
3292, 342, 24
3856, 342, 19
70, 343, 24
562, 343, 19
700, 343, 14
1828, 343, 24
1864, 343, 19
2440, 343, 19
3292, 343, 24
3856, 343, 19
70, 344, 24
562, 344, 19
700, 344, 14
1828, 344, 24
1864, 344, 19
2440, 344, 19
3292, 344, 24
3856, 344, 19
70, 345, 24
562, 345, 19
700, 345, 14
1828, 345, 24
1864, 345, 19
2440, 345, 19
3292, 345, 24
3856, 345, 19
70, 346, 24
562, 346, 19
700, 346, 14
1828, 346, 24
1864, 346, 19
2440, 346, 19
3292, 346, 24
3856, 346, 19
70, 347, 24
562, 347, 19
700, 347, 14
1828, 347, 24
1864, 347, 19
2440, 347, 19
3292, 347, 24
70, 348, 24
562, 348, 19
700, 348, 14
796, 348, 24
1828, 348, 24
1864, 348, 19
2440, 348, 19
3292, 348, 24
70, 349, 24
562, 349, 19
700, 349, 14
796, 349, 24
1828, 349, 24
1864, 349, 19
2440, 349, 19
3292, 349, 24
70, 350, 24
562, 350, 19
700, 350, 14
796, 350, 24
1828, 350, 24
1864, 350, 19
2440, 350, 19
3292, 350, 24
70, 351, 24
562, 351, 19
700, 351, 14
796, 351, 24
1828, 351, 24
1864, 351, 19
2440, 351, 19
3292, 351, 24
70, 352, 24
562, 352, 19
700, 352, 14
796, 352, 24
880, 352, 24
1828, 352, 24
1864, 352, 19
2440, 352, 19
3292, 352, 24
70, 353, 24
562, 353, 19
796, 353, 24
880, 353, 24
1204, 353, 24
1828, 353, 24
1864, 353, 19
2440, 353, 19
3292, 353, 24
70, 354, 24
562, 354, 19
796, 354, 24
880, 354, 24
1168, 354, 19
1204, 354, 24
1828, 354, 24
1864, 354, 19
2440, 354, 19
3292, 354, 24
70, 355, 24
562, 355, 19
796, 355, 24
880, 355, 24
1168, 355, 19
1204, 355, 24
1828, 355, 24
1864, 355, 19
2440, 355, 19
2590, 355, 24
3292, 355, 24
70, 356, 24
562, 356, 19
796, 356, 24
880, 356, 24
1168, 356, 19
1204, 356, 24
1828, 356, 24
1864, 356, 19
2440, 356, 19
2590, 356, 24
3292, 356, 24
70, 357, 24
562, 357, 19
796, 357, 24
880, 357, 24
1168, 357, 19
1204, 357, 24
1612, 357, 29
1828, 357, 24
1864, 357, 19
2440, 357, 19
2590, 357, 24
3292, 357, 24
70, 358, 24
562, 358, 19
796, 358, 24
880, 358, 24
1168, 358, 19
1204, 358, 24
1612, 358, 29
1828, 358, 24
1864, 358, 19
2440, 358, 19
2590, 358, 24
3292, 358, 24
70, 359, 24
562, 359, 19
796, 359, 24
838, 359, 19
880, 359, 24
1168, 359, 19
1204, 359, 24
1612, 359, 29
1828, 359, 24
1864, 359, 19
2440, 359, 19
2590, 359, 24
3292, 359, 24
70, 360, 24
562, 360, 19
796, 360, 24
838, 360, 19
880, 360, 24
1168, 360, 19
1204, 360, 24
1612, 360, 29
1828, 360, 24
1864, 360, 19
2440, 360, 19
2590, 360, 24
3292, 360, 24
70, 361, 24
562, 361, 19
796, 361, 24
838, 361, 19
880, 361, 24
1168, 361, 19
1204, 361, 24
1612, 361, 29
1828, 361, 24
1864, 361, 19
2440, 361, 19
2590, 361, 24
3292, 361, 24
70, 362, 24
562, 362, 19
796, 362, 24
838, 362, 19
880, 362, 24
1168, 362, 19
1204, 362, 24
1828, 362, 24
1864, 362, 19
2440, 362, 19
2590, 362, 24
3292, 362, 24
70, 363, 24
562, 363, 19
796, 363, 24
838, 363, 19
880, 363, 24
1168, 363, 19
1204, 363, 24
1828, 363, 24
1864, 363, 19
2440, 363, 19
2590, 363, 24
3292, 363, 24
70, 364, 24
562, 364, 19
796, 364, 24
838, 364, 19
880, 364, 24
1168, 364, 19
1204, 364, 24
1828, 364, 24
1864, 364, 19
2440, 364, 19
2590, 364, 24
3292, 364, 24
70, 365, 24
562, 365, 19
796, 365, 24
838, 365, 19
880, 365, 24
1168, 365, 19
1204, 365, 24
1828, 365, 24
1864, 365, 19
2440, 365, 19
2590, 365, 24
3292, 365, 24
70, 366, 24
562, 366, 19
796, 366, 24
838, 366, 19
880, 366, 24
1168, 366, 19
1204, 366, 24
1828, 366, 24
1864, 366, 19
2440, 366, 19
2590, 366, 24
3292, 366, 24
70, 367, 24
562, 367, 19
796, 367, 24
838, 367, 19
880, 367, 24
1168, 367, 19
1204, 367, 24
1816, 367, 14
1828, 367, 24
1864, 367, 19
2440, 367, 19
2590, 367, 24
3292, 367, 24
70, 368, 24
562, 368, 19
796, 368, 24
838, 368, 19
880, 368, 24
1168, 368, 19
1204, 368, 24
1816, 368, 14
1828, 368, 24
1864, 368, 19
2440, 368, 19
2590, 368, 24
3292, 368, 24
70, 369, 24
562, 369, 19
796, 369, 24
838, 369, 19
880, 369, 24
1168, 369, 19
1204, 369, 24
1618, 369, 14
1816, 369, 14
1828, 369, 24
1864, 369, 19
2440, 369, 19
2590, 369, 24
3292, 369, 24
70, 370, 24
562, 370, 19
796, 370, 24
838, 370, 19
880, 370, 24
1168, 370, 19
1204, 370, 24
1618, 370, 14
1816, 370, 14
1828, 370, 24
1864, 370, 19
2440, 370, 19
2590, 370, 24
3292, 370, 24
70, 371, 24
94, 371, 14
562, 371, 19
796, 371, 24
838, 371, 19
880, 371, 24
1168, 371, 19
1204, 371, 24
1618, 371, 14
1816, 371, 14
1828, 371, 24
1864, 371, 19
2440, 371, 19
2590, 371, 24
3292, 371, 24
70, 372, 24
94, 372, 14
562, 372, 19
796, 372, 24
838, 372, 19
880, 372, 24
1168, 372, 19
1204, 372, 24
1618, 372, 14
1816, 372, 14
1828, 372, 24
1864, 372, 19
2440, 372, 19
2590, 372, 24
3292, 372, 24
70, 373, 24
94, 373, 14
562, 373, 19
712, 373, 19
796, 373, 24
838, 373, 19
880, 373, 24
1168, 373, 19
1204, 373, 24
1618, 373, 14
1816, 373, 14
1828, 373, 24
1864, 373, 19
2440, 373, 19
2590, 373, 24
3292, 373, 24
70, 374, 24
94, 374, 14
562, 374, 19
712, 374, 19
796, 374, 24
838, 374, 19
880, 374, 24
1168, 374, 19
1204, 374, 24
1618, 374, 14
1816, 374, 14
1828, 374, 24
1864, 374, 19
2440, 374, 19
2590, 374, 24
3292, 374, 24
70, 375, 24
94, 375, 14
562, 375, 19
712, 375, 19
796, 375, 24
838, 375, 19
880, 375, 24
1168, 375, 19
1204, 375, 24
1618, 375, 14
1816, 375, 14
1828, 375, 24
1864, 375, 19
2440, 375, 19
2590, 375, 24
3292, 375, 24
70, 376, 24
94, 376, 14
562, 376, 19
712, 376, 19
796, 376, 24
838, 376, 19
880, 376, 24
1168, 376, 19
1204, 376, 24
1618, 376, 14
1648, 376, 19
1816, 376, 14
1828, 376, 24
1864, 376, 19
2440, 376, 19
2590, 376, 24
3292, 376, 24
70, 377, 24
94, 377, 14
562, 377, 19
712, 377, 19
796, 377, 24
838, 377, 19
880, 377, 24
1168, 377, 19
1204, 377, 24
1618, 377, 14
1648, 377, 19
1816, 377, 14
1828, 377, 24
1864, 377, 19
2440, 377, 19
2590, 377, 24
3292, 377, 24
70, 378, 24
94, 378, 14
562, 378, 19
712, 378, 19
796, 378, 24
838, 378, 19
880, 378, 24
1168, 378, 19
1204, 378, 24
1618, 378, 14
1648, 378, 19
1816, 378, 14
1828, 378, 24
1864, 378, 19
2440, 378, 19
2590, 378, 24
3292, 378, 24
70, 379, 24
94, 379, 14
562, 379, 19
712, 379, 19
796, 379, 24
838, 379, 19
880, 379, 24
1168, 379, 19
1204, 379, 24
1618, 379, 14
1648, 379, 19
1816, 379, 14
1828, 379, 24
1864, 379, 19
2440, 379, 19
2590, 379, 24
3292, 379, 24
70, 380, 24
94, 380, 14
562, 380, 19
712, 380, 19
796, 380, 24
838, 380, 19
880, 380, 24
1168, 380, 19
1204, 380, 24
1618, 380, 14
1648, 380, 19
1816, 380, 14
1828, 380, 24
1864, 380, 19
2440, 380, 19
2590, 380, 24
3292, 380, 24
70, 381, 24
94, 381, 14
562, 381, 19
712, 381, 19
796, 381, 24
838, 381, 19
880, 381, 24
1168, 381, 19
1204, 381, 24
1618, 381, 14
1648, 381, 19
1816, 381, 14
1828, 381, 24
1864, 381, 19
2440, 381, 19
2590, 381, 24
3292, 381, 24
70, 382, 24
94, 382, 14
562, 382, 19
712, 382, 19
796, 382, 24
838, 382, 19
880, 382, 24
1168, 382, 19
1204, 382, 24
1618, 382, 14
1648, 382, 19
1816, 382, 14
1864, 382, 19
2440, 382, 19
2590, 382, 24
3292, 382, 24
70, 383, 24
94, 383, 14
562, 383, 19
712, 383, 19
796, 383, 24
838, 383, 19
880, 383, 24
1168, 383, 19
1204, 383, 24
1618, 383, 14
1648, 383, 19
1816, 383, 14
2440, 383, 19
2590, 383, 24
3292, 383, 24
70, 384, 24
94, 384, 14
562, 384, 19
712, 384, 19
796, 384, 24
838, 384, 19
880, 384, 24
1168, 384, 19
1618, 384, 14
1648, 384, 19
1816, 384, 14
2440, 384, 19
2590, 384, 24
3292, 384, 24
70, 385, 24
94, 385, 14
562, 385, 19
712, 385, 19
796, 385, 24
838, 385, 19
880, 385, 24
1168, 385, 19
1618, 385, 14
1648, 385, 19
1816, 385, 14
2440, 385, 19
2590, 385, 24
3292, 385, 24
70, 386, 24
94, 386, 14
562, 386, 19
712, 386, 19
796, 386, 24
838, 386, 19
880, 386, 24
1168, 386, 19
1618, 386, 14
1648, 386, 19
1816, 386, 14
2440, 386, 19
3292, 386, 24
70, 387, 24
94, 387, 14
562, 387, 19
712, 387, 19
796, 387, 24
838, 387, 19
880, 387, 24
1168, 387, 19
1618, 387, 14
1648, 387, 19
1816, 387, 14
2440, 387, 19
3292, 387, 24
70, 388, 24
94, 388, 14
562, 388, 19
712, 388, 19
796, 388, 24
838, 388, 19
880, 388, 24
1168, 388, 19
1618, 388, 14
1648, 388, 19
1816, 388, 14
2440, 388, 19
3292, 388, 24
70, 389, 24
94, 389, 14
562, 389, 19
712, 389, 19
796, 389, 24
838, 389, 19
880, 389, 24
1168, 389, 19
1618, 389, 14
1648, 389, 19
1816, 389, 14
2440, 389, 19
3292, 389, 24
70, 390, 24
94, 390, 14
562, 390, 19
712, 390, 19
796, 390, 24
838, 390, 19
880, 390, 24
1168, 390, 19
1618, 390, 14
1648, 390, 19
1816, 390, 14
2440, 390, 19
3292, 390, 24
70, 391, 24
94, 391, 14
562, 391, 19
712, 391, 19
796, 391, 24
838, 391, 19
880, 391, 24
1168, 391, 19
1618, 391, 14
1648, 391, 19
1816, 391, 14
2440, 391, 19
3292, 391, 24
70, 392, 24
94, 392, 14
562, 392, 19
712, 392, 19
796, 392, 24
838, 392, 19
880, 392, 24
1168, 392, 19
1618, 392, 14
1648, 392, 19
1816, 392, 14
3292, 392, 24
4198, 392, 19
70, 393, 24
94, 393, 14
562, 393, 19
712, 393, 19
796, 393, 24
838, 393, 19
880, 393, 24
1168, 393, 19
1618, 393, 14
1648, 393, 19
1816, 393, 14
3292, 393, 24
4198, 393, 19
70, 394, 24
94, 394, 14
562, 394, 19
712, 394, 19
796, 394, 24
838, 394, 19
880, 394, 24
1168, 394, 19
1618, 394, 14
1648, 394, 19
1816, 394, 14
2026, 394, 24
3292, 394, 24
4198, 394, 19
70, 395, 24
94, 395, 14
562, 395, 19
712, 395, 19
796, 395, 24
838, 395, 19
880, 395, 24
1168, 395, 19
1618, 395, 14
1648, 395, 19
1816, 395, 14
2026, 395, 24
3292, 395, 24
4198, 395, 19
70, 396, 24
94, 396, 14
562, 396, 19
712, 396, 19
796, 396, 24
838, 396, 19
880, 396, 24
1168, 396, 19
1618, 396, 14
1648, 396, 19
1816, 396, 14
2026, 396, 24
3292, 396, 24
4198, 396, 19
70, 397, 24
94, 397, 14
712, 397, 19
796, 397, 24
838, 397, 19
880, 397, 24
1168, 397, 19
1618, 397, 14
1648, 397, 19
1816, 397, 14
2026, 397, 24
4198, 397, 19
70, 398, 24
94, 398, 14
712, 398, 19
796, 398, 24
838, 398, 19
880, 398, 24
1168, 398, 19
1618, 398, 14
1648, 398, 19
1816, 398, 14
2026, 398, 24
4198, 398, 19
70, 399, 24
94, 399, 14
712, 399, 19
796, 399, 24
838, 399, 19
880, 399, 24
1168, 399, 19
1618, 399, 14
1648, 399, 19
1816, 399, 14
2026, 399, 24
4198, 399, 19
70, 400, 24
94, 400, 14
712, 400, 19
796, 400, 24
838, 400, 19
880, 400, 24
1168, 400, 19
1618, 400, 14
1648, 400, 19
1816, 400, 14
2026, 400, 24
4198, 400, 19
70, 401, 24
94, 401, 14
712, 401, 19
796, 401, 24
838, 401, 19
880, 401, 24
1168, 401, 19
1618, 401, 14
1648, 401, 19
1816, 401, 14
2026, 401, 24
4198, 401, 19
94, 402, 14
712, 402, 19
796, 402, 24
838, 402, 19
880, 402, 24
1168, 402, 19
1618, 402, 14
1648, 402, 19
1816, 402, 14
2026, 402, 24
4198, 402, 19
94, 403, 14
712, 403, 19
796, 403, 24
838, 403, 19
880, 403, 24
1168, 403, 19
1618, 403, 14
1648, 403, 19
1816, 403, 14
2026, 403, 24
2326, 403, 24
4198, 403, 19
94, 404, 14
712, 404, 19
796, 404, 24
838, 404, 19
880, 404, 24
1168, 404, 19
1618, 404, 14
1648, 404, 19
1816, 404, 14
2026, 404, 24
2326, 404, 24
4198, 404, 19
712, 405, 19
796, 405, 24
838, 405, 19
880, 405, 24
1168, 405, 19
1618, 405, 14
1648, 405, 19
1816, 405, 14
2026, 405, 24
2326, 405, 24
4198, 405, 19
712, 406, 19
796, 406, 24
838, 406, 19
880, 406, 24
1168, 406, 19
1618, 406, 14
1648, 406, 19
1816, 406, 14
2026, 406, 24
2326, 406, 24
4198, 406, 19
712, 407, 19
796, 407, 24
838, 407, 19
880, 407, 24
1168, 407, 19
1618, 407, 14
1648, 407, 19
1816, 407, 14
2026, 407, 24
2326, 407, 24
4198, 407, 19
712, 408, 19
796, 408, 24
838, 408, 19
880, 408, 24
1618, 408, 14
1648, 408, 19
1816, 408, 14
2026, 408, 24
2326, 408, 24
4198, 408, 19
712, 409, 19
796, 409, 24
838, 409, 19
880, 409, 24
1618, 409, 14
1648, 409, 19
1816, 409, 14
2026, 409, 24
2326, 409, 24
4198, 409, 19
4396, 409, 24
712, 410, 19
838, 410, 19
880, 410, 24
1618, 410, 14
1648, 410, 19
1816, 410, 14
2026, 410, 24
2326, 410, 24
4198, 410, 19
4396, 410, 24
712, 411, 19
838, 411, 19
880, 411, 24
1618, 411, 14
1648, 411, 19
1816, 411, 14
2026, 411, 24
2326, 411, 24
3952, 411, 24
4198, 411, 19
4396, 411, 24
712, 412, 19
838, 412, 19
880, 412, 24
1108, 412, 19
1618, 412, 14
1648, 412, 19
1816, 412, 14
2026, 412, 24
2326, 412, 24
3952, 412, 24
4198, 412, 19
4396, 412, 24
70, 413, 24
712, 413, 19
838, 413, 19
880, 413, 24
1108, 413, 19
1618, 413, 14
1648, 413, 19
1810, 413, 29
1816, 413, 14
2026, 413, 24
2326, 413, 24
3952, 413, 24
4198, 413, 19
4396, 413, 24
70, 414, 24
712, 414, 19
838, 414, 19
880, 414, 24
1108, 414, 19
1618, 414, 14
1648, 414, 19
1810, 414, 29
1816, 414, 14
2026, 414, 24
2326, 414, 24
3952, 414, 24
4198, 414, 19
4396, 414, 24
70, 415, 24
712, 415, 19
838, 415, 19
880, 415, 24
1108, 415, 19
1618, 415, 14
1648, 415, 19
1810, 415, 29
1816, 415, 14
2026, 415, 24
2326, 415, 24
3952, 415, 24
4198, 415, 19
4396, 415, 24
70, 416, 24
712, 416, 19
838, 416, 19
880, 416, 24
1108, 416, 19
1618, 416, 14
1648, 416, 19
1810, 416, 29
1816, 416, 14
2026, 416, 24
2326, 416, 24
3952, 416, 24
4198, 416, 19
4396, 416, 24
70, 417, 24
712, 417, 19
838, 417, 19
880, 417, 24
1108, 417, 19
1618, 417, 14
1648, 417, 19
1810, 417, 29
1816, 417, 14
2026, 417, 24
2326, 417, 24
3952, 417, 24
4198, 417, 19
4396, 417, 24
70, 418, 24
712, 418, 19
838, 418, 19
880, 418, 24
1108, 418, 19
1618, 418, 14
1648, 418, 19
1810, 418, 29
1816, 418, 14
2026, 418, 24
2326, 418, 24
3952, 418, 24
4198, 418, 19
4396, 418, 24
70, 419, 24
712, 419, 19
838, 419, 19
880, 419, 24
1108, 419, 19
1618, 419, 14
1648, 419, 19
1810, 419, 29
1816, 419, 14
2026, 419, 24
2326, 419, 24
3952, 419, 24
4198, 419, 19
4396, 419, 24
70, 420, 24
712, 420, 19
838, 420, 19
880, 420, 24
1108, 420, 19
1618, 420, 14
1648, 420, 19
1810, 420, 29
1816, 420, 14
2026, 420, 24
2326, 420, 24
3952, 420, 24
4198, 420, 19
4396, 420, 24
70, 421, 24
712, 421, 19
838, 421, 19
880, 421, 24
1108, 421, 19
1618, 421, 14
1648, 421, 19
1810, 421, 29
1816, 421, 14
2026, 421, 24
2326, 421, 24
3952, 421, 24
4198, 421, 19
4396, 421, 24
70, 422, 24
712, 422, 19
838, 422, 19
880, 422, 24
1108, 422, 19
1618, 422, 14
1648, 422, 19
1810, 422, 29
1816, 422, 14
2026, 422, 24
2326, 422, 24
3952, 422, 24
4198, 422, 19
4396, 422, 24
70, 423, 24
712, 423, 19
838, 423, 19
880, 423, 24
1108, 423, 19
1618, 423, 14
1648, 423, 19
1810, 423, 29
1816, 423, 14
2026, 423, 24
2326, 423, 24
3952, 423, 24
4198, 423, 19
4396, 423, 24
70, 424, 24
712, 424, 19
838, 424, 19
880, 424, 24
1108, 424, 19
1618, 424, 14
1648, 424, 19
1810, 424, 29
1816, 424, 14
2026, 424, 24
2326, 424, 24
3952, 424, 24
4198, 424, 19
4396, 424, 24
70, 425, 24
712, 425, 19
838, 425, 19
880, 425, 24
1108, 425, 19
1618, 425, 14
1648, 425, 19
1810, 425, 29
1816, 425, 14
2026, 425, 24
2326, 425, 24
3952, 425, 24
4198, 425, 19
4396, 425, 24
70, 426, 24
712, 426, 19
838, 426, 19
880, 426, 24
1108, 426, 19
1618, 426, 14
1648, 426, 19
1810, 426, 29
1816, 426, 14
2026, 426, 24
2326, 426, 24
3952, 426, 24
4198, 426, 19
4396, 426, 24
70, 427, 24
712, 427, 19
838, 427, 19
880, 427, 24
1108, 427, 19
1618, 427, 14
1648, 427, 19
1810, 427, 29
2026, 427, 24
2326, 427, 24
3952, 427, 24
4198, 427, 19
4396, 427, 24
70, 428, 24
712, 428, 19
838, 428, 19
880, 428, 24
1108, 428, 19
1618, 428, 14
1648, 428, 19
1810, 428, 29
2026, 428, 24
2326, 428, 24
3952, 428, 24
4198, 428, 19
4396, 428, 24
70, 429, 24
712, 429, 19
838, 429, 19
880, 429, 24
1108, 429, 19
1618, 429, 14
1648, 429, 19
1810, 429, 29
2026, 429, 24
2326, 429, 24
3952, 429, 24
4198, 429, 19
4396, 429, 24
70, 430, 24
712, 430, 19
838, 430, 19
880, 430, 24
1108, 430, 19
1618, 430, 14
1648, 430, 19
1810, 430, 29
2026, 430, 24
2326, 430, 24
3952, 430, 24
4198, 430, 19
4396, 430, 24
70, 431, 24
712, 431, 19
838, 431, 19
880, 431, 24
1108, 431, 19
1618, 431, 14
1648, 431, 19
1810, 431, 29
2026, 431, 24
2326, 431, 24
3952, 431, 24
4198, 431, 19
4396, 431, 24
70, 432, 24
838, 432, 19
880, 432, 24
1108, 432, 19
1618, 432, 14
1648, 432, 19
1810, 432, 29
2026, 432, 24
2326, 432, 24
3952, 432, 24
4198, 432, 19
4396, 432, 24
70, 433, 24
838, 433, 19
880, 433, 24
1108, 433, 19
1618, 433, 14
1648, 433, 19
1810, 433, 29
2026, 433, 24
2326, 433, 24
3952, 433, 24
4198, 433, 19
4396, 433, 24
70, 434, 24
838, 434, 19
880, 434, 24
1108, 434, 19
1618, 434, 14
1810, 434, 29
2026, 434, 24
2326, 434, 24
3952, 434, 24
4198, 434, 19
4396, 434, 24
70, 435, 24
838, 435, 19
880, 435, 24
1108, 435, 19
1618, 435, 14
1810, 435, 29
2026, 435, 24
2326, 435, 24
3952, 435, 24
4198, 435, 19
4396, 435, 24
70, 436, 24
838, 436, 19
880, 436, 24
934, 436, 14
1108, 436, 19
1618, 436, 14
1810, 436, 29
2026, 436, 24
2326, 436, 24
3952, 436, 24
4198, 436, 19
4396, 436, 24
70, 437, 24
838, 437, 19
880, 437, 24
934, 437, 14
1108, 437, 19
1618, 437, 14
1810, 437, 29
2026, 437, 24
2326, 437, 24
3952, 437, 24
4198, 437, 19
4396, 437, 24
70, 438, 24
838, 438, 19
880, 438, 24
934, 438, 14
1108, 438, 19
1618, 438, 14
1810, 438, 29
2026, 438, 24
2326, 438, 24
3952, 438, 24
4198, 438, 19
4396, 438, 24
70, 439, 24
142, 439, 24
838, 439, 19
880, 439, 24
934, 439, 14
1108, 439, 19
1618, 439, 14
1810, 439, 29
2026, 439, 24
2326, 439, 24
3952, 439, 24
4198, 439, 19
4396, 439, 24
70, 440, 24
142, 440, 24
838, 440, 19
880, 440, 24
934, 440, 14
1108, 440, 19
1618, 440, 14
1810, 440, 29
2026, 440, 24
2326, 440, 24
3802, 440, 19
3952, 440, 24
4198, 440, 19
4396, 440, 24
70, 441, 24
142, 441, 24
838, 441, 19
880, 441, 24
934, 441, 14
1108, 441, 19
1618, 441, 14
1810, 441, 29
2026, 441, 24
2326, 441, 24
3802, 441, 19
3952, 441, 24
4198, 441, 19
4396, 441, 24
142, 442, 24
838, 442, 19
880, 442, 24
934, 442, 14
1108, 442, 19
1618, 442, 14
1810, 442, 29
2026, 442, 24
2326, 442, 24
3802, 442, 19
3952, 442, 24
4198, 442, 19
4396, 442, 24
142, 443, 24
838, 443, 19
880, 443, 24
934, 443, 14
1108, 443, 19
1618, 443, 14
1810, 443, 29
2026, 443, 24
2326, 443, 24
3802, 443, 19
3952, 443, 24
4198, 443, 19
4396, 443, 24
142, 444, 24
838, 444, 19
880, 444, 24
934, 444, 14
1108, 444, 19
1618, 444, 14
1810, 444, 29
2026, 444, 24
2326, 444, 24
3802, 444, 19
3952, 444, 24
4198, 444, 19
4396, 444, 24
142, 445, 24
880, 445, 24
934, 445, 14
1108, 445, 19
1618, 445, 14
1810, 445, 29
2026, 445, 24
2326, 445, 24
3802, 445, 19
3952, 445, 24
4198, 445, 19
4396, 445, 24
142, 446, 24
880, 446, 24
934, 446, 14
1108, 446, 19
1618, 446, 14
1810, 446, 29
2026, 446, 24
2326, 446, 24
3802, 446, 19
3952, 446, 24
4198, 446, 19
4396, 446, 24
142, 447, 24
880, 447, 24
934, 447, 14
1108, 447, 19
1618, 447, 14
1810, 447, 29
2026, 447, 24
2326, 447, 24
3802, 447, 19
3952, 447, 24
4396, 447, 24
142, 448, 24
880, 448, 24
934, 448, 14
1108, 448, 19
1618, 448, 14
1810, 448, 29
2026, 448, 24
2326, 448, 24
3802, 448, 19
3952, 448, 24
4396, 448, 24
142, 449, 24
880, 449, 24
934, 449, 14
1108, 449, 19
1618, 449, 14
1810, 449, 29
2026, 449, 24
2326, 449, 24
3802, 449, 19
3952, 449, 24
4396, 449, 24
142, 450, 24
880, 450, 24
934, 450, 14
1108, 450, 19
1618, 450, 14
1810, 450, 29
2026, 450, 24
2326, 450, 24
3802, 450, 19
3952, 450, 24
4396, 450, 24
142, 451, 24
880, 451, 24
934, 451, 14
1108, 451, 19
1618, 451, 14
1810, 451, 29
2026, 451, 24
2326, 451, 24
3802, 451, 19
3952, 451, 24
4396, 451, 24
142, 452, 24
376, 452, 19
880, 452, 24
934, 452, 14
1108, 452, 19
1618, 452, 14
1810, 452, 29
2026, 452, 24
2326, 452, 24
3802, 452, 19
3952, 452, 24
4396, 452, 24
142, 453, 24
376, 453, 19
880, 453, 24
934, 453, 14
1108, 453, 19
1618, 453, 14
1810, 453, 29
2026, 453, 24
2326, 453, 24
3802, 453, 19
3952, 453, 24
3958, 453, 19
4396, 453, 24
142, 454, 24
376, 454, 19
880, 454, 24
934, 454, 14
1108, 454, 19
1618, 454, 14
1810, 454, 29
2026, 454, 24
2278, 454, 24
2326, 454, 24
3802, 454, 19
3952, 454, 24
3958, 454, 19
4396, 454, 24
142, 455, 24
376, 455, 19
880, 455, 24
934, 455, 14
1108, 455, 19
1618, 455, 14
1810, 455, 29
2026, 455, 24
2278, 455, 24
2326, 455, 24
3802, 455, 19
3952, 455, 24
3958, 455, 19
4396, 455, 24
142, 456, 24
376, 456, 19
880, 456, 24
934, 456, 14
1108, 456, 19
1618, 456, 14
1810, 456, 29
2026, 456, 24
2278, 456, 24
2326, 456, 24
3802, 456, 19
3952, 456, 24
3958, 456, 19
4396, 456, 24
142, 457, 24
376, 457, 19
880, 457, 24
934, 457, 14
1108, 457, 19
1618, 457, 14
1810, 457, 29
2026, 457, 24
2278, 457, 24
2326, 457, 24
3802, 457, 19
3952, 457, 24
3958, 457, 19
4396, 457, 24
142, 458, 24
376, 458, 19
880, 458, 24
934, 458, 14
1108, 458, 19
1618, 458, 14
1810, 458, 29
2026, 458, 24
2278, 458, 24
2326, 458, 24
3802, 458, 19
3952, 458, 24
3958, 458, 19
4396, 458, 24
142, 459, 24
376, 459, 19
880, 459, 24
934, 459, 14
1108, 459, 19
1618, 459, 14
1810, 459, 29
2026, 459, 24
2278, 459, 24
2326, 459, 24
3802, 459, 19
3952, 459, 24
3958, 459, 19
4396, 459, 24
142, 460, 24
376, 460, 19
880, 460, 24
934, 460, 14
1108, 460, 19
1618, 460, 14
1810, 460, 29
2026, 460, 24
2278, 460, 24
2326, 460, 24
3802, 460, 19
3952, 460, 24
3958, 460, 19
4396, 460, 24
142, 461, 24
376, 461, 19
880, 461, 24
934, 461, 14
1108, 461, 19
1618, 461, 14
1810, 461, 29
2026, 461, 24
2278, 461, 24
2326, 461, 24
3802, 461, 19
3952, 461, 24
3958, 461, 19
4396, 461, 24
142, 462, 24
376, 462, 19
880, 462, 24
934, 462, 14
1108, 462, 19
1618, 462, 14
1810, 462, 29
2026, 462, 24
2278, 462, 24
2326, 462, 24
3802, 462, 19
3952, 462, 24
3958, 462, 19
4396, 462, 24
142, 463, 24
376, 463, 19
880, 463, 24
934, 463, 14
1108, 463, 19
1618, 463, 14
1810, 463, 29
2026, 463, 24
2278, 463, 24
2326, 463, 24
3268, 463, 19
3802, 463, 19
3952, 463, 24
3958, 463, 19
4396, 463, 24
142, 464, 24
376, 464, 19
880, 464, 24
934, 464, 14
1108, 464, 19
1618, 464, 14
1810, 464, 29
2026, 464, 24
2278, 464, 24
2326, 464, 24
3268, 464, 19
3802, 464, 19
3952, 464, 24
3958, 464, 19
4396, 464, 24
142, 465, 24
376, 465, 19
934, 465, 14
988, 465, 29
1012, 465, 19
1108, 465, 19
1618, 465, 14
1810, 465, 29
2026, 465, 24
2278, 465, 24
2326, 465, 24
3268, 465, 19
3802, 465, 19
3952, 465, 24
3958, 465, 19
4396, 465, 24
142, 466, 24
376, 466, 19
934, 466, 14
988, 466, 29
1012, 466, 19
1108, 466, 19
1618, 466, 14
1810, 466, 29
2026, 466, 24
2278, 466, 24
2326, 466, 24
3268, 466, 19
3802, 466, 19
3952, 466, 24
3958, 466, 19
4396, 466, 24
142, 467, 24
376, 467, 19
934, 467, 14
988, 467, 29
1012, 467, 19
1108, 467, 19
1618, 467, 14
1810, 467, 29
2026, 467, 24
2278, 467, 24
2326, 467, 24
3268, 467, 19
3802, 467, 19
3952, 467, 24
3958, 467, 19
4396, 467, 24
142, 468, 24
376, 468, 19
934, 468, 14
988, 468, 29
1012, 468, 19
1108, 468, 19
1618, 468, 14
1810, 468, 29
2026, 468, 24
2278, 468, 24
2326, 468, 24
3268, 468, 19
3802, 468, 19
3952, 468, 24
3958, 468, 19
4396, 468, 24
142, 469, 24
376, 469, 19
934, 469, 14
988, 469, 29
1012, 469, 19
1108, 469, 19
1618, 469, 14
1810, 469, 29
2026, 469, 24
2278, 469, 24
2326, 469, 24
3268, 469, 19
3802, 469, 19
3952, 469, 24
3958, 469, 19
4396, 469, 24
142, 470, 24
376, 470, 19
934, 470, 14
988, 470, 29
1012, 470, 19
1108, 470, 19
1618, 470, 14
1810, 470, 29
2026, 470, 24
2278, 470, 24
2326, 470, 24
3268, 470, 19
3802, 470, 19
3952, 470, 24
3958, 470, 19
4396, 470, 24
142, 471, 24
376, 471, 19
934, 471, 14
988, 471, 29
1012, 471, 19
1108, 471, 19
1618, 471, 14
1810, 471, 29
2026, 471, 24
2278, 471, 24
2326, 471, 24
3268, 471, 19
3802, 471, 19
3952, 471, 24
3958, 471, 19
4396, 471, 24
142, 472, 24
376, 472, 19
934, 472, 14
988, 472, 29
1012, 472, 19
1108, 472, 19
1618, 472, 14
1810, 472, 29
2026, 472, 24
2278, 472, 24
2326, 472, 24
3268, 472, 19
3802, 472, 19
3952, 472, 24
3958, 472, 19
4396, 472, 24
142, 473, 24
376, 473, 19
934, 473, 14
988, 473, 29
1012, 473, 19
1108, 473, 19
1618, 473, 14
2026, 473, 24
2278, 473, 24
2326, 473, 24
3160, 473, 39
3268, 473, 19
3802, 473, 19
3952, 473, 24
3958, 473, 19
4396, 473, 24
142, 474, 24
376, 474, 19
988, 474, 29
1012, 474, 19
1108, 474, 19
1618, 474, 14
2026, 474, 24
2278, 474, 24
2326, 474, 24
3160, 474, 39
3268, 474, 19
3802, 474, 19
3952, 474, 24
3958, 474, 19
4396, 474, 24
142, 475, 24
376, 475, 19
988, 475, 29
1012, 475, 19
1108, 475, 19
1618, 475, 14
2026, 475, 24
2278, 475, 24
2326, 475, 24
3160, 475, 39
3268, 475, 19
3802, 475, 19
3952, 475, 24
3958, 475, 19
4396, 475, 24
142, 476, 24
376, 476, 19
988, 476, 29
1012, 476, 19
1108, 476, 19
1618, 476, 14
2026, 476, 24
2278, 476, 24
2326, 476, 24
3160, 476, 39
3268, 476, 19
3802, 476, 19
3952, 476, 24
3958, 476, 19
4396, 476, 24
142, 477, 24
376, 477, 19
988, 477, 29
1012, 477, 19
1108, 477, 19
1618, 477, 14
2026, 477, 24
2278, 477, 24
2326, 477, 24
3160, 477, 39
3268, 477, 19
3802, 477, 19
3952, 477, 24
3958, 477, 19
4396, 477, 24
142, 478, 24
376, 478, 19
988, 478, 29
1012, 478, 19
1108, 478, 19
2026, 478, 24
2278, 478, 24
2326, 478, 24
3160, 478, 39
3268, 478, 19
3802, 478, 19
3952, 478, 24
3958, 478, 19
4396, 478, 24
142, 479, 24
376, 479, 19
988, 479, 29
1012, 479, 19
1108, 479, 19
2026, 479, 24
2278, 479, 24
2326, 479, 24
3160, 479, 39
3268, 479, 19
3802, 479, 19
3952, 479, 24
3958, 479, 19
4396, 479, 24
142, 480, 24
376, 480, 19
988, 480, 29
1012, 480, 19
1108, 480, 19
2026, 480, 24
2278, 480, 24
2326, 480, 24
3160, 480, 39
3268, 480, 19
3802, 480, 19
3952, 480, 24
3958, 480, 19
4396, 480, 24
142, 481, 24
376, 481, 19
988, 481, 29
1012, 481, 19
1108, 481, 19
2026, 481, 24
2278, 481, 24
2326, 481, 24
3160, 481, 39
3268, 481, 19
3802, 481, 19
3952, 481, 24
3958, 481, 19
4396, 481, 24
142, 482, 24
376, 482, 19
988, 482, 29
1012, 482, 19
1108, 482, 19
2026, 482, 24
2278, 482, 24
2326, 482, 24
3160, 482, 39
3268, 482, 19
3802, 482, 19
3952, 482, 24
3958, 482, 19
4396, 482, 24
142, 483, 24
376, 483, 19
988, 483, 29
1012, 483, 19
1108, 483, 19
2026, 483, 24
2278, 483, 24
2326, 483, 24
3160, 483, 39
3268, 483, 19
3802, 483, 19
3952, 483, 24
3958, 483, 19
4396, 483, 24
142, 484, 24
376, 484, 19
988, 484, 29
1012, 484, 19
1108, 484, 19
2278, 484, 24
2326, 484, 24
3160, 484, 39
3268, 484, 19
3802, 484, 19
3952, 484, 24
3958, 484, 19
4396, 484, 24
142, 485, 24
376, 485, 19
988, 485, 29
1012, 485, 19
1108, 485, 19
2278, 485, 24
2326, 485, 24
3160, 485, 39
3268, 485, 19
3802, 485, 19
3952, 485, 24
3958, 485, 19
4396, 485, 24
142, 486, 24
376, 486, 19
988, 486, 29
1012, 486, 19
1108, 486, 19
2278, 486, 24
2326, 486, 24
3160, 486, 39
3268, 486, 19
3802, 486, 19
3952, 486, 24
3958, 486, 19
4396, 486, 24
142, 487, 24
376, 487, 19
988, 487, 29
1012, 487, 19
1108, 487, 19
2278, 487, 24
2326, 487, 24
3160, 487, 39
3268, 487, 19
3802, 487, 19
3952, 487, 24
3958, 487, 19
4396, 487, 24
142, 488, 24
376, 488, 19
988, 488, 29
1012, 488, 19
1108, 488, 19
2278, 488, 24
2326, 488, 24
3160, 488, 39
3268, 488, 19
3802, 488, 19
3952, 488, 24
3958, 488, 19
4282, 488, 24
4396, 488, 24
142, 489, 24
376, 489, 19
988, 489, 29
1012, 489, 19
1108, 489, 19
2278, 489, 24
2326, 489, 24
3160, 489, 39
3268, 489, 19
3802, 489, 19
3952, 489, 24
3958, 489, 19
4282, 489, 24
4396, 489, 24
142, 490, 24
376, 490, 19
988, 490, 29
1012, 490, 19
1108, 490, 19
2278, 490, 24
3160, 490, 39
3268, 490, 19
3802, 490, 19
3952, 490, 24
3958, 490, 19
4282, 490, 24
4396, 490, 24
142, 491, 24
376, 491, 19
988, 491, 29
1012, 491, 19
1108, 491, 19
2278, 491, 24
3160, 491, 39
3268, 491, 19
3802, 491, 19
3952, 491, 24
3958, 491, 19
4282, 491, 24
4396, 491, 24
106, 492, 24
142, 492, 24
376, 492, 19
988, 492, 29
1012, 492, 19
1108, 492, 19
2278, 492, 24
3160, 492, 39
3268, 492, 19
3802, 492, 19
3952, 492, 24
3958, 492, 19
4282, 492, 24
4396, 492, 24
106, 493, 24
142, 493, 24
376, 493, 19
988, 493, 29
1012, 493, 19
1108, 493, 19
2278, 493, 24
3160, 493, 39
3268, 493, 19
3802, 493, 19
3952, 493, 24
3958, 493, 19
4282, 493, 24
4396, 493, 24
106, 494, 24
142, 494, 24
376, 494, 19
988, 494, 29
1012, 494, 19
1108, 494, 19
2278, 494, 24
3160, 494, 39
3268, 494, 19
3802, 494, 19
3952, 494, 24
3958, 494, 19
4282, 494, 24
4396, 494, 24
106, 495, 24
142, 495, 24
376, 495, 19
988, 495, 29
1012, 495, 19
1108, 495, 19
2278, 495, 24
3160, 495, 39
3268, 495, 19
3802, 495, 19
3958, 495, 19
4282, 495, 24
4396, 495, 24
106, 496, 24
142, 496, 24
376, 496, 19
988, 496, 29
1012, 496, 19
1108, 496, 19
2278, 496, 24
3160, 496, 39
3268, 496, 19
3802, 496, 19
3958, 496, 19
4282, 496, 24
4396, 496, 24
106, 497, 24
142, 497, 24
376, 497, 19
988, 497, 29
1012, 497, 19
1108, 497, 19
2278, 497, 24
3160, 497, 39
3268, 497, 19
3802, 497, 19
3958, 497, 19
4282, 497, 24
4396, 497, 24
106, 498, 24
142, 498, 24
376, 498, 19
988, 498, 29
1012, 498, 19
1108, 498, 19
2278, 498, 24
3160, 498, 39
3268, 498, 19
3802, 498, 19
3958, 498, 19
4282, 498, 24
4396, 498, 24
106, 499, 24
142, 499, 24
376, 499, 19
988, 499, 29
1012, 499, 19
1108, 499, 19
2278, 499, 24
3160, 499, 39
3268, 499, 19
3802, 499, 19
3958, 499, 19
4282, 499, 24
4396, 499, 24
106, 500, 24
142, 500, 24
376, 500, 19
988, 500, 29
1012, 500, 19
1108, 500, 19
2278, 500, 24
3160, 500, 39
3268, 500, 19
3802, 500, 19
3958, 500, 19
4282, 500, 24
4396, 500, 24
106, 501, 24
142, 501, 24
376, 501, 19
988, 501, 29
1012, 501, 19
1108, 501, 19
2278, 501, 24
3160, 501, 39
3268, 501, 19
3802, 501, 19
3958, 501, 19
4282, 501, 24
4396, 501, 24
106, 502, 24
142, 502, 24
376, 502, 19
988, 502, 29
1012, 502, 19
1108, 502, 19
2278, 502, 24
3160, 502, 39
3268, 502, 19
3802, 502, 19
3958, 502, 19
4246, 502, 24
4282, 502, 24
4396, 502, 24
106, 503, 24
142, 503, 24
376, 503, 19
988, 503, 29
1012, 503, 19
1108, 503, 19
2278, 503, 24
3160, 503, 39
3268, 503, 19
3802, 503, 19
3958, 503, 19
4246, 503, 24
4282, 503, 24
4396, 503, 24
106, 504, 24
142, 504, 24
376, 504, 19
988, 504, 29
1012, 504, 19
1108, 504, 19
2278, 504, 24
3160, 504, 39
3268, 504, 19
3646, 504, 19
3802, 504, 19
3958, 504, 19
4246, 504, 24
4282, 504, 24
4396, 504, 24
106, 505, 24
142, 505, 24
376, 505, 19
988, 505, 29
1012, 505, 19
2278, 505, 24
3160, 505, 39
3268, 505, 19
3646, 505, 19
3802, 505, 19
3958, 505, 19
4246, 505, 24
4282, 505, 24
4396, 505, 24
106, 506, 24
142, 506, 24
376, 506, 19
988, 506, 29
1012, 506, 19
2278, 506, 24
3160, 506, 39
3268, 506, 19
3646, 506, 19
3802, 506, 19
3958, 506, 19
4246, 506, 24
4282, 506, 24
4396, 506, 24
106, 507, 24
142, 507, 24
376, 507, 19
988, 507, 29
1012, 507, 19
2278, 507, 24
3160, 507, 39
3268, 507, 19
3646, 507, 19
3802, 507, 19
3958, 507, 19
4246, 507, 24
4282, 507, 24
106, 508, 24
142, 508, 24
376, 508, 19
988, 508, 29
1012, 508, 19
2278, 508, 24
3160, 508, 39
3268, 508, 19
3646, 508, 19
3802, 508, 19
3958, 508, 19
4246, 508, 24
4282, 508, 24
106, 509, 24
142, 509, 24
376, 509, 19
988, 509, 29
1012, 509, 19
2278, 509, 24
3160, 509, 39
3268, 509, 19
3646, 509, 19
3802, 509, 19
3958, 509, 19
4246, 509, 24
4282, 509, 24
106, 510, 24
142, 510, 24
376, 510, 19
988, 510, 29
1012, 510, 19
2278, 510, 24
3160, 510, 39
3268, 510, 19
3646, 510, 19
3802, 510, 19
3958, 510, 19
4246, 510, 24
4282, 510, 24
106, 511, 24
142, 511, 24
376, 511, 19
988, 511, 29
1012, 511, 19
2278, 511, 24
3160, 511, 39
3268, 511, 19
3646, 511, 19
3802, 511, 19
3958, 511, 19
4246, 511, 24
4282, 511, 24
106, 512, 24
142, 512, 24
376, 512, 19
988, 512, 29
1012, 512, 19
2278, 512, 24
3268, 512, 19
3646, 512, 19
3802, 512, 19
3958, 512, 19
4246, 512, 24
4282, 512, 24
106, 513, 24
142, 513, 24
376, 513, 19
988, 513, 29
1012, 513, 19
2278, 513, 24
3268, 513, 19
3646, 513, 19
3802, 513, 19
3958, 513, 19
4246, 513, 24
4282, 513, 24
106, 514, 24
142, 514, 24
376, 514, 19
988, 514, 29
1012, 514, 19
2278, 514, 24
3268, 514, 19
3646, 514, 19
3802, 514, 19
3958, 514, 19
4246, 514, 24
4282, 514, 24
106, 515, 24
142, 515, 24
376, 515, 19
988, 515, 29
1012, 515, 19
2278, 515, 24
3268, 515, 19
3646, 515, 19
3802, 515, 19
3958, 515, 19
4246, 515, 24
4282, 515, 24
106, 516, 24
376, 516, 19
988, 516, 29
1012, 516, 19
2278, 516, 24
3268, 516, 19
3646, 516, 19
3802, 516, 19
3958, 516, 19
4246, 516, 24
4282, 516, 24
106, 517, 24
376, 517, 19
988, 517, 29
1012, 517, 19
2278, 517, 24
3268, 517, 19
3646, 517, 19
3802, 517, 19
3958, 517, 19
4246, 517, 24
4282, 517, 24
106, 518, 24
376, 518, 19
988, 518, 29
1012, 518, 19
2278, 518, 24
3268, 518, 19
3646, 518, 19
3802, 518, 19
3958, 518, 19
4246, 518, 24
4282, 518, 24
106, 519, 24
376, 519, 19
988, 519, 29
1012, 519, 19
2278, 519, 24
3268, 519, 19
3646, 519, 19
3802, 519, 19
3958, 519, 19
4246, 519, 24
4282, 519, 24
106, 520, 24
376, 520, 19
988, 520, 29
1012, 520, 19
2278, 520, 24
3268, 520, 19
3646, 520, 19
3802, 520, 19
3958, 520, 19
4246, 520, 24
4282, 520, 24
106, 521, 24
376, 521, 19
988, 521, 29
1012, 521, 19
2278, 521, 24
3268, 521, 19
3646, 521, 19
3802, 521, 19
3958, 521, 19
4246, 521, 24
4282, 521, 24
106, 522, 24
376, 522, 19
988, 522, 29
1012, 522, 19
2278, 522, 24
3268, 522, 19
3646, 522, 19
3802, 522, 19
3958, 522, 19
4246, 522, 24
4282, 522, 24
106, 523, 24
376, 523, 19
988, 523, 29
1012, 523, 19
2278, 523, 24
3268, 523, 19
3646, 523, 19
3802, 523, 19
3958, 523, 19
4246, 523, 24
4282, 523, 24
4438, 523, 19
988, 524, 29
1012, 524, 19
2278, 524, 24
3268, 524, 19
3646, 524, 19
3802, 524, 19
3958, 524, 19
4246, 524, 24
4282, 524, 24
4438, 524, 19
988, 525, 29
2278, 525, 24
3268, 525, 19
3646, 525, 19
3802, 525, 19
3958, 525, 19
4246, 525, 24
4282, 525, 24
4438, 525, 19
988, 526, 29
2278, 526, 24
3268, 526, 19
3646, 526, 19
3802, 526, 19
3958, 526, 19
4246, 526, 24
4282, 526, 24
4438, 526, 19
988, 527, 29
2278, 527, 24
3268, 527, 19
3646, 527, 19
3958, 527, 19
4246, 527, 24
4282, 527, 24
4438, 527, 19
988, 528, 29
2278, 528, 24
3268, 528, 19
3646, 528, 19
3958, 528, 19
4246, 528, 24
4282, 528, 24
4438, 528, 19
988, 529, 29
2278, 529, 24
3268, 529, 19
3646, 529, 19
3958, 529, 19
4246, 529, 24
4282, 529, 24
4438, 529, 19
988, 530, 29
2278, 530, 24
3268, 530, 19
3646, 530, 19
3958, 530, 19
4246, 530, 24
4282, 530, 24
4438, 530, 19
988, 531, 29
2278, 531, 24
3268, 531, 19
3646, 531, 19
3958, 531, 19
4282, 531, 24
4438, 531, 19
988, 532, 29
2278, 532, 24
3268, 532, 19
3646, 532, 19
3958, 532, 19
4282, 532, 24
4438, 532, 19
988, 533, 29
2278, 533, 24
3268, 533, 19
3646, 533, 19
3958, 533, 19
4282, 533, 24
4438, 533, 19
988, 534, 29
2278, 534, 24
3268, 534, 19
3646, 534, 19
3958, 534, 19
4282, 534, 24
4438, 534, 19
988, 535, 29
2278, 535, 24
3268, 535, 19
3646, 535, 19
4282, 535, 24
4438, 535, 19
988, 536, 29
2278, 536, 24
3268, 536, 19
3646, 536, 19
4282, 536, 24
4438, 536, 19
988, 537, 29
2278, 537, 24
3268, 537, 19
3646, 537, 19
4282, 537, 24
4438, 537, 19
988, 538, 29
3268, 538, 19
3646, 538, 19
4282, 538, 24
4438, 538, 19
988, 539, 29
3268, 539, 19
3646, 539, 19
4282, 539, 24
4438, 539, 19
988, 540, 29
3268, 540, 19
3646, 540, 19
4282, 540, 24
4438, 540, 19
988, 541, 29
3268, 541, 19
3646, 541, 19
4282, 541, 24
4438, 541, 19
988, 542, 29
3268, 542, 19
3646, 542, 19
4282, 542, 24
4438, 542, 19
988, 543, 29
3268, 543, 19
3646, 543, 19
4438, 543, 19
988, 544, 29
3268, 544, 19
3646, 544, 19
4438, 544, 19
3268, 545, 19
3646, 545, 19
4438, 545, 19
3268, 546, 19
3646, 546, 19
4438, 546, 19
3268, 547, 19
3646, 547, 19
4438, 547, 19
3268, 548, 19
3646, 548, 19
4438, 548, 19
3268, 549, 19
3646, 549, 19
4438, 549, 19
3268, 550, 19
3646, 550, 19
4438, 550, 19
3268, 551, 19
3646, 551, 19
4438, 551, 19
3268, 552, 19
3646, 552, 19
4438, 552, 19
3268, 553, 19
3646, 553, 19
4438, 553, 19
3268, 554, 19
3646, 554, 19
4438, 554, 19
3268, 555, 19
3646, 555, 19
4438, 555, 19
3268, 556, 19
3646, 556, 19
4438, 556, 19
3268, 557, 19
3646, 557, 19
4438, 557, 19
3268, 558, 19
3646, 558, 19
4438, 558, 19
3268, 559, 19
3646, 559, 19
4438, 559, 19
3268, 560, 19
3646, 560, 19
4438, 560, 19
3268, 561, 19
3646, 561, 19
4438, 561, 19
3268, 562, 19
3646, 562, 19
4438, 562, 19
1858, 563, 24
2638, 563, 24
3268, 563, 19
3646, 563, 19
4438, 563, 19
1858, 564, 24
2638, 564, 24
3268, 564, 19
3646, 564, 19
4438, 564, 19
1858, 565, 24
2638, 565, 24
3268, 565, 19
3646, 565, 19
4438, 565, 19
1858, 566, 24
2638, 566, 24
3268, 566, 19
3646, 566, 19
4438, 566, 19
1858, 567, 24
2638, 567, 24
2686, 567, 19
3268, 567, 19
3646, 567, 19
4438, 567, 19
1858, 568, 24
2638, 568, 24
2686, 568, 19
3268, 568, 19
3646, 568, 19
4438, 568, 19
1858, 569, 24
2638, 569, 24
2686, 569, 19
3268, 569, 19
3646, 569, 19
4438, 569, 19
1858, 570, 24
2638, 570, 24
2686, 570, 19
3268, 570, 19
3646, 570, 19
4438, 570, 19
1858, 571, 24
2476, 571, 24
2638, 571, 24
2686, 571, 19
3268, 571, 19
3646, 571, 19
4438, 571, 19
1858, 572, 24
2476, 572, 24
2638, 572, 24
2686, 572, 19
3268, 572, 19
3646, 572, 19
4438, 572, 19
1132, 573, 19
1858, 573, 24
2476, 573, 24
2638, 573, 24
2686, 573, 19
3268, 573, 19
3646, 573, 19
4438, 573, 19
1132, 574, 19
1858, 574, 24
2476, 574, 24
2638, 574, 24
2686, 574, 19
3268, 574, 19
3646, 574, 19
4438, 574, 19
1132, 575, 19
1858, 575, 24
2476, 575, 24
2638, 575, 24
2686, 575, 19
3268, 575, 19
3646, 575, 19
4438, 575, 19
1132, 576, 19
1858, 576, 24
2476, 576, 24
2638, 576, 24
2686, 576, 19
3268, 576, 19
3646, 576, 19
4438, 576, 19
1132, 577, 19
1858, 577, 24
2476, 577, 24
2638, 577, 24
2686, 577, 19
3268, 577, 19
3646, 577, 19
4438, 577, 19
1132, 578, 19
1858, 578, 24
2476, 578, 24
2638, 578, 24
2686, 578, 19
3268, 578, 19
3646, 578, 19
4438, 578, 19
1132, 579, 19
1858, 579, 24
2476, 579, 24
2638, 579, 24
2686, 579, 19
3268, 579, 19
3646, 579, 19
4438, 579, 19
1132, 580, 19
1858, 580, 24
2476, 580, 24
2638, 580, 24
2686, 580, 19
3268, 580, 19
3646, 580, 19
4438, 580, 19
1132, 581, 19
1858, 581, 24
2476, 581, 24
2638, 581, 24
2686, 581, 19
3268, 581, 19
3646, 581, 19
4438, 581, 19
1132, 582, 19
1858, 582, 24
2476, 582, 24
2638, 582, 24
2686, 582, 19
3268, 582, 19
4438, 582, 19
1132, 583, 19
1858, 583, 24
2476, 583, 24
2638, 583, 24
2686, 583, 19
3268, 583, 19
4438, 583, 19
1132, 584, 19
1858, 584, 24
2476, 584, 24
2638, 584, 24
2686, 584, 19
3268, 584, 19
4438, 584, 19
1036, 585, 19
1132, 585, 19
1858, 585, 24
2476, 585, 24
2638, 585, 24
2686, 585, 19
3268, 585, 19
4438, 585, 19
1036, 586, 19
1132, 586, 19
1858, 586, 24
2476, 586, 24
2638, 586, 24
2686, 586, 19
3268, 586, 19
4438, 586, 19
1036, 587, 19
1132, 587, 19
1858, 587, 24
2476, 587, 24
2638, 587, 24
2686, 587, 19
3268, 587, 19
4438, 587, 19
1036, 588, 19
1132, 588, 19
1858, 588, 24
2476, 588, 24
2638, 588, 24
2686, 588, 19
3268, 588, 19
4438, 588, 19
1036, 589, 19
1132, 589, 19
1858, 589, 24
2476, 589, 24
2638, 589, 24
2686, 589, 19
3268, 589, 19
4438, 589, 19
1036, 590, 19
1132, 590, 19
1858, 590, 24
2476, 590, 24
2638, 590, 24
2686, 590, 19
3268, 590, 19
4438, 590, 19
1036, 591, 19
1132, 591, 19
1858, 591, 24
2476, 591, 24
2638, 591, 24
2686, 591, 19
3268, 591, 19
4438, 591, 19
1036, 592, 19
1132, 592, 19
1858, 592, 24
2476, 592, 24
2638, 592, 24
2686, 592, 19
3268, 592, 19
4438, 592, 19
1036, 593, 19
1132, 593, 19
1858, 593, 24
2476, 593, 24
2638, 593, 24
2686, 593, 19
3268, 593, 19
4438, 593, 19
4474, 593, 24
1036, 594, 19
1132, 594, 19
1858, 594, 24
2476, 594, 24
2638, 594, 24
2686, 594, 19
3268, 594, 19
3592, 594, 24
4438, 594, 19
4474, 594, 24
1036, 595, 19
1132, 595, 19
2476, 595, 24
2638, 595, 24
2686, 595, 19
3268, 595, 19
3592, 595, 24
4438, 595, 19
4474, 595, 24
1036, 596, 19
1132, 596, 19
2476, 596, 24
2638, 596, 24
2686, 596, 19
3268, 596, 19
3592, 596, 24
4438, 596, 19
4474, 596, 24
1036, 597, 19
1132, 597, 19
2476, 597, 24
2638, 597, 24
2686, 597, 19
3268, 597, 19
3592, 597, 24
4438, 597, 19
4474, 597, 24
1036, 598, 19
1132, 598, 19
2476, 598, 24
2638, 598, 24
2686, 598, 19
3268, 598, 19
3592, 598, 24
4438, 598, 19
4474, 598, 24
1036, 599, 19
1132, 599, 19
2476, 599, 24
2638, 599, 24
2686, 599, 19
3268, 599, 19
3592, 599, 24
4438, 599, 19
4474, 599, 24
1036, 600, 19
1132, 600, 19
2476, 600, 24
2638, 600, 24
2686, 600, 19
3592, 600, 24
4438, 600, 19
4474, 600, 24
1036, 601, 19
1132, 601, 19
2476, 601, 24
2638, 601, 24
2686, 601, 19
3592, 601, 24
4474, 601, 24
1036, 602, 19
1132, 602, 19
2476, 602, 24
2638, 602, 24
2686, 602, 19
3592, 602, 24
4474, 602, 24
1036, 603, 19
1132, 603, 19
2476, 603, 24
2638, 603, 24
2686, 603, 19
3592, 603, 24
4474, 603, 24
1036, 604, 19
1132, 604, 19
2638, 604, 24
2686, 604, 19
3592, 604, 24
4474, 604, 24
1036, 605, 19
1132, 605, 19
2638, 605, 24
2686, 605, 19
3592, 605, 24
4474, 605, 24
1036, 606, 19
1132, 606, 19
2638, 606, 24
2686, 606, 19
3592, 606, 24
4474, 606, 24
1036, 607, 19
1132, 607, 19
2638, 607, 24
2686, 607, 19
3592, 607, 24
4474, 607, 24
1036, 608, 19
1132, 608, 19
2638, 608, 24
2686, 608, 19
3592, 608, 24
4474, 608, 24
1036, 609, 19
1132, 609, 19
2638, 609, 24
2686, 609, 19
3592, 609, 24
4474, 609, 24
1036, 610, 19
1132, 610, 19
2638, 610, 24
2686, 610, 19
3592, 610, 24
4474, 610, 24
1036, 611, 19
1132, 611, 19
2638, 611, 24
2686, 611, 19
3592, 611, 24
4474, 611, 24
1036, 612, 19
1132, 612, 19
2638, 612, 24
2686, 612, 19
3592, 612, 24
4474, 612, 24
1036, 613, 19
1132, 613, 19
2638, 613, 24
2686, 613, 19
3592, 613, 24
4474, 613, 24
1036, 614, 19
1132, 614, 19
2638, 614, 24
2686, 614, 19
3592, 614, 24
4474, 614, 24
1036, 615, 19
1132, 615, 19
2638, 615, 24
2686, 615, 19
3592, 615, 24
4474, 615, 24
1036, 616, 19
1132, 616, 19
2638, 616, 24
2686, 616, 19
3592, 616, 24
4474, 616, 24
1036, 617, 19
1132, 617, 19
2638, 617, 24
2686, 617, 19
3592, 617, 24
4474, 617, 24
1036, 618, 19
1132, 618, 19
2638, 618, 24
2686, 618, 19
3592, 618, 24
4474, 618, 24
1036, 619, 19
1132, 619, 19
2638, 619, 24
2686, 619, 19
3592, 619, 24
4474, 619, 24
1036, 620, 19
1132, 620, 19
2638, 620, 24
2686, 620, 19
3592, 620, 24
4474, 620, 24
1036, 621, 19
1132, 621, 19
2638, 621, 24
2686, 621, 19
3592, 621, 24
4474, 621, 24
1036, 622, 19
1132, 622, 19
2638, 622, 24
2686, 622, 19
3592, 622, 24
4474, 622, 24
1036, 623, 19
1132, 623, 19
2638, 623, 24
2686, 623, 19
3592, 623, 24
4474, 623, 24
1036, 624, 19
1132, 624, 19
2638, 624, 24
2686, 624, 19
3592, 624, 24
4474, 624, 24
1036, 625, 19
1132, 625, 19
2638, 625, 24
2686, 625, 19
3592, 625, 24
4474, 625, 24
1036, 626, 19
1132, 626, 19
2638, 626, 24
2686, 626, 19
3592, 626, 24
4474, 626, 24
1036, 627, 19
1132, 627, 19
2638, 627, 24
2686, 627, 19
3592, 627, 24
4474, 627, 24
1036, 628, 19
1132, 628, 19
2638, 628, 24
2686, 628, 19
3592, 628, 24
1036, 629, 19
1132, 629, 19
2638, 629, 24
2686, 629, 19
3592, 629, 24
1036, 630, 19
2638, 630, 24
2686, 630, 19
3592, 630, 24
1036, 631, 19
2638, 631, 24
2686, 631, 19
3592, 631, 24
550, 632, 24
1036, 632, 19
2638, 632, 24
2686, 632, 19
3592, 632, 24
550, 633, 24
1036, 633, 19
2638, 633, 24
2686, 633, 19
3592, 633, 24
550, 634, 24
1036, 634, 19
2638, 634, 24
2686, 634, 19
3592, 634, 24
550, 635, 24
1036, 635, 19
2638, 635, 24
2686, 635, 19
3592, 635, 24
550, 636, 24
1036, 636, 19
1582, 636, 19
2176, 636, 24
2638, 636, 24
2686, 636, 19
3592, 636, 24
550, 637, 24
1036, 637, 19
1582, 637, 19
2176, 637, 24
2638, 637, 24
2686, 637, 19
3592, 637, 24
550, 638, 24
1036, 638, 19
1582, 638, 19
2176, 638, 24
2638, 638, 24
2686, 638, 19
3592, 638, 24
550, 639, 24
1036, 639, 19
1582, 639, 19
2176, 639, 24
2638, 639, 24
2686, 639, 19
3592, 639, 24
550, 640, 24
1036, 640, 19
1582, 640, 19
2176, 640, 24
2638, 640, 24
2686, 640, 19
3592, 640, 24
550, 641, 24
1036, 641, 19
1582, 641, 19
2176, 641, 24
2638, 641, 24
2686, 641, 19
3592, 641, 24
550, 642, 24
1036, 642, 19
1582, 642, 19
2176, 642, 24
2638, 642, 24
2686, 642, 19
3592, 642, 24
550, 643, 24
856, 643, 24
1036, 643, 19
1582, 643, 19
2176, 643, 24
2638, 643, 24
2686, 643, 19
3592, 643, 24
550, 644, 24
856, 644, 24
1036, 644, 19
1582, 644, 19
2176, 644, 24
2638, 644, 24
2686, 644, 19
3592, 644, 24
550, 645, 24
856, 645, 24
1036, 645, 19
1582, 645, 19
2176, 645, 24
2638, 645, 24
2686, 645, 19
3142, 645, 14
3592, 645, 24
550, 646, 24
856, 646, 24
1036, 646, 19
1582, 646, 19
2176, 646, 24
2638, 646, 24
2686, 646, 19
3142, 646, 14
3592, 646, 24
550, 647, 24
856, 647, 24
1036, 647, 19
1582, 647, 19
2176, 647, 24
2638, 647, 24
2686, 647, 19
3142, 647, 14
3592, 647, 24
550, 648, 24
856, 648, 24
1036, 648, 19
1582, 648, 19
2176, 648, 24
2638, 648, 24
2686, 648, 19
3142, 648, 14
3592, 648, 24
550, 649, 24
856, 649, 24
1036, 649, 19
1582, 649, 19
2176, 649, 24
2686, 649, 19
3142, 649, 14
3592, 649, 24
550, 650, 24
856, 650, 24
1036, 650, 19
1582, 650, 19
2176, 650, 24
2686, 650, 19
3142, 650, 14
3592, 650, 24
550, 651, 24
856, 651, 24
1036, 651, 19
1078, 651, 24
1582, 651, 19
2176, 651, 24
2686, 651, 19
3142, 651, 14
3592, 651, 24
550, 652, 24
856, 652, 24
1036, 652, 19
1078, 652, 24
1582, 652, 19
2176, 652, 24
2686, 652, 19
3142, 652, 14
3592, 652, 24
550, 653, 24
856, 653, 24
1036, 653, 19
1078, 653, 24
1582, 653, 19
2176, 653, 24
2686, 653, 19
3142, 653, 14
3592, 653, 24
550, 654, 24
856, 654, 24
1036, 654, 19
1078, 654, 24
1582, 654, 19
2176, 654, 24
2686, 654, 19
3142, 654, 14
3592, 654, 24
550, 655, 24
856, 655, 24
1036, 655, 19
1078, 655, 24
1582, 655, 19
2176, 655, 24
2686, 655, 19
3142, 655, 14
3592, 655, 24
550, 656, 24
856, 656, 24
1036, 656, 19
1078, 656, 24
1582, 656, 19
2176, 656, 24
2686, 656, 19
3142, 656, 14
3592, 656, 24
550, 657, 24
856, 657, 24
1036, 657, 19
1078, 657, 24
1582, 657, 19
2176, 657, 24
2686, 657, 19
3142, 657, 14
3592, 657, 24
550, 658, 24
856, 658, 24
1036, 658, 19
1078, 658, 24
1582, 658, 19
2176, 658, 24
2686, 658, 19
3142, 658, 14
3592, 658, 24
550, 659, 24
856, 659, 24
1036, 659, 19
1078, 659, 24
1582, 659, 19
2176, 659, 24
2686, 659, 19
3142, 659, 14
3592, 659, 24
550, 660, 24
856, 660, 24
1036, 660, 19
1078, 660, 24
1582, 660, 19
2176, 660, 24
2686, 660, 19
3142, 660, 14
3592, 660, 24
550, 661, 24
856, 661, 24
1036, 661, 19
1078, 661, 24
1582, 661, 19
2176, 661, 24
2686, 661, 19
3142, 661, 14
3592, 661, 24
550, 662, 24
856, 662, 24
1036, 662, 19
1078, 662, 24
1582, 662, 19
2176, 662, 24
2686, 662, 19
3142, 662, 14
3592, 662, 24
550, 663, 24
856, 663, 24
1036, 663, 19
1078, 663, 24
1582, 663, 19
2176, 663, 24
2686, 663, 19
3142, 663, 14
3592, 663, 24
550, 664, 24
856, 664, 24
1036, 664, 19
1078, 664, 24
1582, 664, 19
2176, 664, 24
2686, 664, 19
3142, 664, 14
550, 665, 24
856, 665, 24
1036, 665, 19
1078, 665, 24
1582, 665, 19
2176, 665, 24
2686, 665, 19
3142, 665, 14
550, 666, 24
856, 666, 24
1036, 666, 19
1078, 666, 24
1582, 666, 19
2686, 666, 19
3142, 666, 14
856, 667, 24
1036, 667, 19
1078, 667, 24
1582, 667, 19
2686, 667, 19
3142, 667, 14
856, 668, 24
1036, 668, 19
1078, 668, 24
1582, 668, 19
2686, 668, 19
3142, 668, 14
856, 669, 24
1036, 669, 19
1078, 669, 24
1582, 669, 19
2686, 669, 19
3142, 669, 14
856, 670, 24
1036, 670, 19
1078, 670, 24
1582, 670, 19
2686, 670, 19
3142, 670, 14
856, 671, 24
1036, 671, 19
1078, 671, 24
1582, 671, 19
2686, 671, 19
3142, 671, 14
856, 672, 24
1036, 672, 19
1078, 672, 24
1582, 672, 19
2686, 672, 19
3142, 672, 14
856, 673, 24
1036, 673, 19
1078, 673, 24
1582, 673, 19
3142, 673, 14
856, 674, 24
1036, 674, 19
1078, 674, 24
1582, 674, 19
3142, 674, 14
856, 675, 24
1078, 675, 24
1582, 675, 19
3142, 675, 14
856, 676, 24
1078, 676, 24
1582, 676, 19
3142, 676, 14
856, 677, 24
1078, 677, 24
1582, 677, 19
3142, 677, 14
856, 678, 24
1078, 678, 24
1582, 678, 19
3142, 678, 14
856, 679, 24
1078, 679, 24
1582, 679, 19
3142, 679, 14
856, 680, 24
1582, 680, 19
3142, 680, 14
856, 681, 24
1582, 681, 19
3142, 681, 14
856, 682, 24
1582, 682, 19
3142, 682, 14
856, 683, 24
1582, 683, 19
3142, 683, 14
856, 684, 24
1582, 684, 19
3142, 684, 14
856, 685, 24
1582, 685, 19
3142, 685, 14
718, 686, 24
856, 686, 24
1582, 686, 19
3142, 686, 14
718, 687, 24
856, 687, 24
1582, 687, 19
3142, 687, 14
718, 688, 24
856, 688, 24
1582, 688, 19
3142, 688, 14
718, 689, 24
856, 689, 24
3142, 689, 14
718, 690, 24
856, 690, 24
3142, 690, 14
718, 691, 24
856, 691, 24
3142, 691, 14
718, 692, 24
856, 692, 24
3142, 692, 14
718, 693, 24
856, 693, 24
3142, 693, 14
718, 694, 24
856, 694, 24
3142, 694, 14
718, 695, 24
856, 695, 24
3142, 695, 14
718, 696, 24
856, 696, 24
3142, 696, 14
718, 697, 24
856, 697, 24
3142, 697, 14
718, 698, 24
856, 698, 24
3142, 698, 14
718, 699, 24
856, 699, 24
3142, 699, 14
718, 700, 24
856, 700, 24
3142, 700, 14
718, 701, 24
856, 701, 24
3142, 701, 14
718, 702, 24
856, 702, 24
2854, 702, 24
3142, 702, 14
718, 703, 24
856, 703, 24
2854, 703, 24
3142, 703, 14
718, 704, 24
856, 704, 24
2854, 704, 24
3142, 704, 14
718, 705, 24
856, 705, 24
2854, 705, 24
3142, 705, 14
718, 706, 24
856, 706, 24
2854, 706, 24
3142, 706, 14
718, 707, 24
856, 707, 24
1960, 707, 24
2854, 707, 24
3142, 707, 14
718, 708, 24
856, 708, 24
1960, 708, 24
2854, 708, 24
3142, 708, 14
718, 709, 24
856, 709, 24
1960, 709, 24
2854, 709, 24
3142, 709, 14
718, 710, 24
856, 710, 24
1960, 710, 24
2854, 710, 24
3142, 710, 14
718, 711, 24
856, 711, 24
1960, 711, 24
2854, 711, 24
718, 712, 24
856, 712, 24
1960, 712, 24
2854, 712, 24
718, 713, 24
856, 713, 24
1960, 713, 24
2854, 713, 24
718, 714, 24
856, 714, 24
1960, 714, 24
2854, 714, 24
718, 715, 24
856, 715, 24
1960, 715, 24
2854, 715, 24
718, 716, 24
856, 716, 24
1960, 716, 24
2854, 716, 24
718, 717, 24
856, 717, 24
1960, 717, 24
2854, 717, 24
718, 718, 24
856, 718, 24
1960, 718, 24
2854, 718, 24
718, 719, 24
856, 719, 24
1960, 719, 24
2854, 719, 24
718, 720, 24
856, 720, 24
1960, 720, 24
2854, 720, 24
718, 721, 24
856, 721, 24
1960, 721, 24
2854, 721, 24
3016, 721, 24
718, 722, 24
856, 722, 24
1960, 722, 24
2854, 722, 24
3016, 722, 24
718, 723, 24
856, 723, 24
1960, 723, 24
2308, 723, 19
2854, 723, 24
3016, 723, 24
718, 724, 24
856, 724, 24
1468, 724, 19
1960, 724, 24
2308, 724, 19
2854, 724, 24
3016, 724, 24
718, 725, 24
856, 725, 24
1468, 725, 19
1960, 725, 24
2308, 725, 19
2854, 725, 24
3016, 725, 24
718, 726, 24
856, 726, 24
1468, 726, 19
1960, 726, 24
2308, 726, 19
2854, 726, 24
3016, 726, 24
718, 727, 24
856, 727, 24
1468, 727, 19
1960, 727, 24
2308, 727, 19
2854, 727, 24
3016, 727, 24
718, 728, 24
856, 728, 24
1468, 728, 19
1960, 728, 24
2308, 728, 19
2854, 728, 24
3016, 728, 24
718, 729, 24
856, 729, 24
1468, 729, 19
1960, 729, 24
2308, 729, 19
2854, 729, 24
3016, 729, 24
718, 730, 24
856, 730, 24
1468, 730, 19
1960, 730, 24
2308, 730, 19
2854, 730, 24
3016, 730, 24
718, 731, 24
856, 731, 24
1468, 731, 19
1960, 731, 24
2308, 731, 19
2854, 731, 24
3016, 731, 24
718, 732, 24
856, 732, 24
1468, 732, 19
1960, 732, 24
2308, 732, 19
2854, 732, 24
3016, 732, 24
718, 733, 24
856, 733, 24
1468, 733, 19
1960, 733, 24
2308, 733, 19
3016, 733, 24
718, 734, 24
856, 734, 24
1468, 734, 19
1960, 734, 24
2308, 734, 19
3016, 734, 24
718, 735, 24
856, 735, 24
1468, 735, 19
1960, 735, 24
2308, 735, 19
3016, 735, 24
718, 736, 24
856, 736, 24
1468, 736, 19
1960, 736, 24
2308, 736, 19
3016, 736, 24
856, 737, 24
1468, 737, 19
1960, 737, 24
2308, 737, 19
3016, 737, 24
856, 738, 24
1468, 738, 19
1960, 738, 24
2308, 738, 19
3016, 738, 24
856, 739, 24
1468, 739, 19
1960, 739, 24
2308, 739, 19
3016, 739, 24
856, 740, 24
1468, 740, 19
1960, 740, 24
2308, 740, 19
3016, 740, 24
856, 741, 24
1468, 741, 19
1960, 741, 24
2308, 741, 19
3016, 741, 24
856, 742, 24
1468, 742, 19
1960, 742, 24
2308, 742, 19
3016, 742, 24
856, 743, 24
1468, 743, 19
1960, 743, 24
2308, 743, 19
3016, 743, 24
796, 744, 14
856, 744, 24
1468, 744, 19
1960, 744, 24
2308, 744, 19
3016, 744, 24
796, 745, 14
1468, 745, 19
1960, 745, 24
2308, 745, 19
3016, 745, 24
796, 746, 14
1468, 746, 19
1960, 746, 24
2308, 746, 19
3016, 746, 24
796, 747, 14
1468, 747, 19
1960, 747, 24
2308, 747, 19
3016, 747, 24
796, 748, 14
1468, 748, 19
1960, 748, 24
2308, 748, 19
3016, 748, 24
796, 749, 14
1468, 749, 19
1960, 749, 24
2308, 749, 19
3016, 749, 24
796, 750, 14
1468, 750, 19
1960, 750, 24
2308, 750, 19
3016, 750, 24
796, 751, 14
1468, 751, 19
1960, 751, 24
2308, 751, 19
3016, 751, 24
796, 752, 14
1468, 752, 19
1960, 752, 24
2308, 752, 19
3016, 752, 24
796, 753, 14
1468, 753, 19
1960, 753, 24
2308, 753, 19
3016, 753, 24
796, 754, 14
1468, 754, 19
1960, 754, 24
2308, 754, 19
3016, 754, 24
796, 755, 14
1468, 755, 19
1960, 755, 24
2308, 755, 19
3016, 755, 24
796, 756, 14
1468, 756, 19
1960, 756, 24
2308, 756, 19
3016, 756, 24
796, 757, 14
1468, 757, 19
1960, 757, 24
2308, 757, 19
3016, 757, 24
796, 758, 14
1468, 758, 19
1960, 758, 24
2308, 758, 19
3016, 758, 24
796, 759, 14
1468, 759, 19
1960, 759, 24
2308, 759, 19
3016, 759, 24
796, 760, 14
1468, 760, 19
1960, 760, 24
2308, 760, 19
3016, 760, 24
3562, 760, 19
796, 761, 14
1468, 761, 19
1960, 761, 24
2308, 761, 19
3016, 761, 24
3562, 761, 19
796, 762, 14
1468, 762, 19
1960, 762, 24
2308, 762, 19
3016, 762, 24
3562, 762, 19
796, 763, 14
1468, 763, 19
1960, 763, 24
2308, 763, 19
3016, 763, 24
3562, 763, 19
796, 764, 14
1468, 764, 19
1960, 764, 24
2308, 764, 19
3016, 764, 24
3562, 764, 19
796, 765, 14
1468, 765, 19
1960, 765, 24
2308, 765, 19
3016, 765, 24
3562, 765, 19
796, 766, 14
1468, 766, 19
1960, 766, 24
2308, 766, 19
3016, 766, 24
3562, 766, 19
796, 767, 14
1468, 767, 19
1960, 767, 24
2308, 767, 19
3016, 767, 24
3562, 767, 19
4318, 767, 24
796, 768, 14
1468, 768, 19
1960, 768, 24
2308, 768, 19
3016, 768, 24
3562, 768, 19
4318, 768, 24
796, 769, 14
1468, 769, 19
1960, 769, 24
2308, 769, 19
3016, 769, 24
3562, 769, 19
4318, 769, 24
796, 770, 14
1468, 770, 19
1960, 770, 24
2308, 770, 19
3016, 770, 24
3562, 770, 19
4318, 770, 24
796, 771, 14
1468, 771, 19
1960, 771, 24
2308, 771, 19
3016, 771, 24
3562, 771, 19
4318, 771, 24
796, 772, 14
1468, 772, 19
1960, 772, 24
2308, 772, 19
3016, 772, 24
3562, 772, 19
4318, 772, 24
358, 773, 24
796, 773, 14
1468, 773, 19
1960, 773, 24
2308, 773, 19
3016, 773, 24
3562, 773, 19
4318, 773, 24
358, 774, 24
796, 774, 14
1468, 774, 19
1960, 774, 24
2308, 774, 19
3016, 774, 24
3562, 774, 19
4318, 774, 24
358, 775, 24
796, 775, 14
1468, 775, 19
1960, 775, 24
2308, 775, 19
3016, 775, 24
3562, 775, 19
4318, 775, 24
358, 776, 24
796, 776, 14
1468, 776, 19
1960, 776, 24
2308, 776, 19
3016, 776, 24
3166, 776, 24
3562, 776, 19
4318, 776, 24
358, 777, 24
796, 777, 14
1468, 777, 19
1960, 777, 24
2308, 777, 19
3016, 777, 24
3046, 777, 19
3166, 777, 24
3562, 777, 19
4318, 777, 24
358, 778, 24
796, 778, 14
1468, 778, 19
1960, 778, 24
2308, 778, 19
3016, 778, 24
3046, 778, 19
3166, 778, 24
3562, 778, 19
4318, 778, 24
358, 779, 24
796, 779, 14
1468, 779, 19
1960, 779, 24
2308, 779, 19
3016, 779, 24
3046, 779, 19
3166, 779, 24
3562, 779, 19
4318, 779, 24
358, 780, 24
796, 780, 14
1468, 780, 19
1960, 780, 24
2308, 780, 19
3016, 780, 24
3046, 780, 19
3166, 780, 24
3562, 780, 19
4318, 780, 24
358, 781, 24
796, 781, 14
1468, 781, 19
1960, 781, 24
2308, 781, 19
3016, 781, 24
3046, 781, 19
3166, 781, 24
3562, 781, 19
4318, 781, 24
358, 782, 24
796, 782, 14
1468, 782, 19
1960, 782, 24
2308, 782, 19
3016, 782, 24
3046, 782, 19
3166, 782, 24
3562, 782, 19
4318, 782, 24
358, 783, 24
796, 783, 14
1468, 783, 19
1960, 783, 24
2308, 783, 19
3016, 783, 24
3046, 783, 19
3166, 783, 24
3562, 783, 19
4318, 783, 24
358, 784, 24
796, 784, 14
1468, 784, 19
1960, 784, 24
2308, 784, 19
3016, 784, 24
3046, 784, 19
3166, 784, 24
3562, 784, 19
4318, 784, 24
358, 785, 24
796, 785, 14
1468, 785, 19
1960, 785, 24
2308, 785, 19
3016, 785, 24
3046, 785, 19
3166, 785, 24
3562, 785, 19
4318, 785, 24
358, 786, 24
796, 786, 14
1468, 786, 19
1960, 786, 24
2308, 786, 19
3016, 786, 24
3046, 786, 19
3166, 786, 24
3562, 786, 19
4318, 786, 24
358, 787, 24
796, 787, 14
1360, 787, 19
1468, 787, 19
1960, 787, 24
2308, 787, 19
3046, 787, 19
3166, 787, 24
3562, 787, 19
4318, 787, 24
358, 788, 24
796, 788, 14
1360, 788, 19
1468, 788, 19
1492, 788, 19
1960, 788, 24
2308, 788, 19
3046, 788, 19
3166, 788, 24
3562, 788, 19
4318, 788, 24
358, 789, 24
796, 789, 14
1360, 789, 19
1468, 789, 19
1492, 789, 19
1960, 789, 24
2308, 789, 19
3046, 789, 19
3166, 789, 24
3562, 789, 19
4318, 789, 24
358, 790, 24
796, 790, 14
1360, 790, 19
1468, 790, 19
1492, 790, 19
1960, 790, 24
2308, 790, 19
3046, 790, 19
3166, 790, 24
3562, 790, 19
4318, 790, 24
358, 791, 24
796, 791, 14
1360, 791, 19
1468, 791, 19
1492, 791, 19
1960, 791, 24
2308, 791, 19
3046, 791, 19
3166, 791, 24
3562, 791, 19
4318, 791, 24
358, 792, 24
796, 792, 14
1360, 792, 19
1468, 792, 19
1492, 792, 19
1960, 792, 24
2308, 792, 19
3046, 792, 19
3166, 792, 24
3562, 792, 19
4318, 792, 24
358, 793, 24
796, 793, 14
1360, 793, 19
1468, 793, 19
1492, 793, 19
1960, 793, 24
2308, 793, 19
3046, 793, 19
3166, 793, 24
3562, 793, 19
4318, 793, 24
358, 794, 24
796, 794, 14
1360, 794, 19
1468, 794, 19
1492, 794, 19
1960, 794, 24
2308, 794, 19
3046, 794, 19
3166, 794, 24
3562, 794, 19
4318, 794, 24
358, 795, 24
796, 795, 14
1360, 795, 19
1468, 795, 19
1492, 795, 19
1960, 795, 24
2308, 795, 19
3046, 795, 19
3166, 795, 24
3562, 795, 19
4318, 795, 24
358, 796, 24
796, 796, 14
1360, 796, 19
1468, 796, 19
1492, 796, 19
1960, 796, 24
2308, 796, 19
3046, 796, 19
3166, 796, 24
3562, 796, 19
4318, 796, 24
358, 797, 24
796, 797, 14
1360, 797, 19
1468, 797, 19
1492, 797, 19
1960, 797, 24
2308, 797, 19
3046, 797, 19
3166, 797, 24
3562, 797, 19
4318, 797, 24
358, 798, 24
796, 798, 14
1360, 798, 19
1468, 798, 19
1492, 798, 19
1960, 798, 24
2308, 798, 19
3046, 798, 19
3166, 798, 24
3562, 798, 19
4318, 798, 24
358, 799, 24
796, 799, 14
1360, 799, 19
1468, 799, 19
1492, 799, 19
1960, 799, 24
2308, 799, 19
3046, 799, 19
3166, 799, 24
3562, 799, 19
4318, 799, 24
358, 800, 24
796, 800, 14
1360, 800, 19
1468, 800, 19
1492, 800, 19
1960, 800, 24
2308, 800, 19
3046, 800, 19
3166, 800, 24
3562, 800, 19
4318, 800, 24
796, 801, 14
1360, 801, 19
1468, 801, 19
1492, 801, 19
1960, 801, 24
3046, 801, 19
3166, 801, 24
3562, 801, 19
4318, 801, 24
796, 802, 14
1360, 802, 19
1468, 802, 19
1492, 802, 19
1960, 802, 24
3046, 802, 19
3166, 802, 24
3562, 802, 19
796, 803, 14
1360, 803, 19
1468, 803, 19
1492, 803, 19
1960, 803, 24
3046, 803, 19
3166, 803, 24
3562, 803, 19
796, 804, 14
1360, 804, 19
1468, 804, 19
1492, 804, 19
1960, 804, 24
3046, 804, 19
3166, 804, 24
3562, 804, 19
796, 805, 14
1360, 805, 19
1468, 805, 19
1492, 805, 19
1960, 805, 24
3046, 805, 19
3166, 805, 24
3562, 805, 19
796, 806, 14
1360, 806, 19
1468, 806, 19
1492, 806, 19
1960, 806, 24
3046, 806, 19
3562, 806, 19
796, 807, 14
1360, 807, 19
1468, 807, 19
1492, 807, 19
1960, 807, 24
3046, 807, 19
3562, 807, 19
796, 808, 14
1360, 808, 19
1468, 808, 19
1492, 808, 19
1960, 808, 24
3046, 808, 19
3562, 808, 19
1360, 809, 19
1468, 809, 19
1492, 809, 19
1960, 809, 24
3046, 809, 19
3562, 809, 19
1360, 810, 19
1468, 810, 19
1492, 810, 19
1960, 810, 24
3046, 810, 19
3562, 810, 19
1360, 811, 19
1468, 811, 19
1492, 811, 19
1960, 811, 24
3046, 811, 19
3562, 811, 19
1360, 812, 19
1468, 812, 19
1492, 812, 19
1960, 812, 24
3046, 812, 19
3562, 812, 19
1360, 813, 19
1468, 813, 19
1492, 813, 19
1960, 813, 24
2728, 813, 19
3046, 813, 19
3562, 813, 19
1360, 814, 19
1468, 814, 19
1492, 814, 19
1960, 814, 24
2212, 814, 19
2728, 814, 19
3046, 814, 19
3562, 814, 19
1360, 815, 19
1468, 815, 19
1492, 815, 19
1960, 815, 24
2212, 815, 19
2728, 815, 19
3046, 815, 19
3562, 815, 19
1360, 816, 19
1492, 816, 19
1960, 816, 24
2212, 816, 19
2728, 816, 19
3046, 816, 19
3562, 816, 19
1360, 817, 19
1492, 817, 19
2212, 817, 19
2728, 817, 19
3046, 817, 19
3562, 817, 19
1360, 818, 19
1492, 818, 19
2212, 818, 19
2728, 818, 19
3046, 818, 19
3562, 818, 19
1360, 819, 19
1492, 819, 19
2212, 819, 19
2728, 819, 19
3046, 819, 19
3562, 819, 19
1360, 820, 19
1492, 820, 19
2212, 820, 19
2728, 820, 19
3046, 820, 19
3562, 820, 19
1360, 821, 19
1492, 821, 19
2212, 821, 19
2728, 821, 19
3046, 821, 19
3562, 821, 19
1360, 822, 19
1492, 822, 19
2212, 822, 19
2728, 822, 19
3046, 822, 19
3562, 822, 19
1360, 823, 19
1492, 823, 19
2212, 823, 19
2728, 823, 19
3046, 823, 19
3562, 823, 19
1360, 824, 19
1492, 824, 19
2212, 824, 19
2728, 824, 19
3046, 824, 19
3562, 824, 19
1360, 825, 19
1492, 825, 19
2212, 825, 19
2728, 825, 19
3046, 825, 19
3562, 825, 19
1360, 826, 19
1492, 826, 19
2212, 826, 19
2728, 826, 19
3046, 826, 19
3562, 826, 19
1360, 827, 19
1492, 827, 19
2212, 827, 19
2728, 827, 19
2926, 827, 29
3046, 827, 19
3562, 827, 19
1360, 828, 19
1492, 828, 19
2212, 828, 19
2728, 828, 19
2926, 828, 29
3046, 828, 19
3562, 828, 19
1360, 829, 19
1492, 829, 19
2212, 829, 19
2728, 829, 19
2926, 829, 29
3046, 829, 19
3562, 829, 19
1360, 830, 19
1492, 830, 19
2212, 830, 19
2728, 830, 19
2926, 830, 29
3046, 830, 19
3562, 830, 19
1360, 831, 19
1492, 831, 19
2212, 831, 19
2728, 831, 19
2926, 831, 29
3046, 831, 19
3562, 831, 19
1360, 832, 19
1492, 832, 19
2212, 832, 19
2728, 832, 19
2926, 832, 29
3046, 832, 19
3562, 832, 19
1360, 833, 19
1492, 833, 19
2212, 833, 19
2728, 833, 19
2926, 833, 29
3046, 833, 19
3562, 833, 19
1360, 834, 19
1492, 834, 19
2212, 834, 19
2728, 834, 19
2926, 834, 29
3046, 834, 19
3562, 834, 19
1360, 835, 19
1492, 835, 19
2212, 835, 19
2728, 835, 19
2926, 835, 29
3046, 835, 19
3562, 835, 19
1360, 836, 19
1492, 836, 19
2212, 836, 19
2728, 836, 19
2926, 836, 29
3046, 836, 19
3562, 836, 19
1360, 837, 19
1492, 837, 19
2212, 837, 19
2728, 837, 19
2926, 837, 29
3046, 837, 19
3562, 837, 19
1360, 838, 19
1492, 838, 19
2212, 838, 19
2728, 838, 19
2926, 838, 29
3046, 838, 19
3562, 838, 19
1360, 839, 19
1492, 839, 19
2212, 839, 19
2728, 839, 19
2926, 839, 29
3046, 839, 19
3562, 839, 19
1360, 840, 19
1492, 840, 19
2212, 840, 19
2494, 840, 19
2728, 840, 19
2926, 840, 29
3046, 840, 19
3562, 840, 19
1360, 841, 19
1492, 841, 19
2212, 841, 19
2494, 841, 19
2728, 841, 19
2926, 841, 29
3046, 841, 19
3562, 841, 19
1360, 842, 19
1492, 842, 19
2212, 842, 19
2494, 842, 19
2728, 842, 19
2926, 842, 29
3046, 842, 19
3562, 842, 19
1360, 843, 19
1492, 843, 19
2212, 843, 19
2494, 843, 19
2728, 843, 19
2926, 843, 29
3046, 843, 19
3562, 843, 19
1360, 844, 19
1492, 844, 19
2212, 844, 19
2494, 844, 19
2728, 844, 19
2926, 844, 29
3046, 844, 19
3562, 844, 19
1360, 845, 19
1492, 845, 19
2212, 845, 19
2494, 845, 19
2728, 845, 19
2926, 845, 29
3046, 845, 19
3562, 845, 19
1360, 846, 19
1492, 846, 19
2212, 846, 19
2494, 846, 19
2728, 846, 19
2926, 846, 29
3046, 846, 19
3562, 846, 19
1360, 847, 19
1492, 847, 19
2212, 847, 19
2494, 847, 19
2728, 847, 19
2926, 847, 29
3046, 847, 19
1360, 848, 19
1492, 848, 19
2212, 848, 19
2494, 848, 19
2728, 848, 19
2926, 848, 29
3046, 848, 19
1360, 849, 19
1492, 849, 19
2212, 849, 19
2494, 849, 19
2728, 849, 19
2926, 849, 29
3046, 849, 19
1360, 850, 19
1492, 850, 19
2212, 850, 19
2494, 850, 19
2728, 850, 19
2926, 850, 29
3046, 850, 19
1360, 851, 19
1492, 851, 19
2212, 851, 19
2494, 851, 19
2728, 851, 19
2926, 851, 29
3046, 851, 19
1360, 852, 19
1492, 852, 19
2212, 852, 19
2494, 852, 19
2728, 852, 19
2926, 852, 29
3046, 852, 19
484, 853, 24
1360, 853, 19
1492, 853, 19
2212, 853, 19
2494, 853, 19
2728, 853, 19
2926, 853, 29
3046, 853, 19
484, 854, 24
1360, 854, 19
1492, 854, 19
2212, 854, 19
2494, 854, 19
2728, 854, 19
2926, 854, 29
3046, 854, 19
484, 855, 24
1360, 855, 19
1492, 855, 19
2212, 855, 19
2494, 855, 19
2728, 855, 19
2926, 855, 29
3046, 855, 19
484, 856, 24
1360, 856, 19
1492, 856, 19
2212, 856, 19
2494, 856, 19
2728, 856, 19
2926, 856, 29
3046, 856, 19
484, 857, 24
1360, 857, 19
1492, 857, 19
2212, 857, 19
2494, 857, 19
2728, 857, 19
2926, 857, 29
3046, 857, 19
484, 858, 24
1360, 858, 19
1492, 858, 19
2212, 858, 19
2494, 858, 19
2728, 858, 19
2926, 858, 29
3046, 858, 19
484, 859, 24
1360, 859, 19
1492, 859, 19
2212, 859, 19
2494, 859, 19
2728, 859, 19
2926, 859, 29
3046, 859, 19
484, 860, 24
1360, 860, 19
1492, 860, 19
2212, 860, 19
2494, 860, 19
2728, 860, 19
2926, 860, 29
3046, 860, 19
484, 861, 24
1360, 861, 19
1492, 861, 19
2212, 861, 19
2494, 861, 19
2728, 861, 19
2926, 861, 29
3046, 861, 19
484, 862, 24
1360, 862, 19
1492, 862, 19
2212, 862, 19
2494, 862, 19
2728, 862, 19
2926, 862, 29
3046, 862, 19
484, 863, 24
1360, 863, 19
1492, 863, 19
2212, 863, 19
2494, 863, 19
2728, 863, 19
2926, 863, 29
3046, 863, 19
484, 864, 24
1360, 864, 19
1492, 864, 19
2212, 864, 19
2494, 864, 19
2728, 864, 19
2926, 864, 29
3046, 864, 19
484, 865, 24
1360, 865, 19
1492, 865, 19
2212, 865, 19
2494, 865, 19
2728, 865, 19
2926, 865, 29
3046, 865, 19
484, 866, 24
1360, 866, 19
1492, 866, 19
2212, 866, 19
2494, 866, 19
2728, 866, 19
2926, 866, 29
3046, 866, 19
484, 867, 24
1360, 867, 19
2212, 867, 19
2494, 867, 19
2728, 867, 19
2926, 867, 29
3046, 867, 19
484, 868, 24
1360, 868, 19
2212, 868, 19
2494, 868, 19
2728, 868, 19
2926, 868, 29
3046, 868, 19
484, 869, 24
1330, 869, 24
1360, 869, 19
2212, 869, 19
2494, 869, 19
2728, 869, 19
2926, 869, 29
3046, 869, 19
484, 870, 24
1330, 870, 24
1360, 870, 19
2212, 870, 19
2494, 870, 19
2728, 870, 19
2926, 870, 29
3046, 870, 19
484, 871, 24
1330, 871, 24
2212, 871, 19
2494, 871, 19
2728, 871, 19
2926, 871, 29
3046, 871, 19
484, 872, 24
1330, 872, 24
2212, 872, 19
2494, 872, 19
2728, 872, 19
2926, 872, 29
3046, 872, 19
484, 873, 24
1330, 873, 24
2212, 873, 19
2494, 873, 19
2728, 873, 19
2926, 873, 29
3046, 873, 19
484, 874, 24
1330, 874, 24
2212, 874, 19
2494, 874, 19
2728, 874, 19
2926, 874, 29
3046, 874, 19
484, 875, 24
1330, 875, 24
2212, 875, 19
2494, 875, 19
2728, 875, 19
2926, 875, 29
3046, 875, 19
484, 876, 24
1330, 876, 24
2212, 876, 19
2494, 876, 19
2728, 876, 19
2926, 876, 29
3046, 876, 19
4066, 876, 19
484, 877, 24
1330, 877, 24
2212, 877, 19
2494, 877, 19
2728, 877, 19
2926, 877, 29
4066, 877, 19
484, 878, 24
1330, 878, 24
2212, 878, 19
2494, 878, 19
2728, 878, 19
2926, 878, 29
4066, 878, 19
484, 879, 24
1330, 879, 24
2212, 879, 19
2494, 879, 19
2728, 879, 19
2926, 879, 29
4066, 879, 19
484, 880, 24
1330, 880, 24
2212, 880, 19
2494, 880, 19
2728, 880, 19
2926, 880, 29
4066, 880, 19
484, 881, 24
1330, 881, 24
2212, 881, 19
2494, 881, 19
2728, 881, 19
2926, 881, 29
3118, 881, 19
4066, 881, 19
484, 882, 24
1330, 882, 24
2212, 882, 19
2494, 882, 19
2728, 882, 19
2926, 882, 29
3118, 882, 19
4066, 882, 19
484, 883, 24
1330, 883, 24
2212, 883, 19
2494, 883, 19
2728, 883, 19
2926, 883, 29
3118, 883, 19
4066, 883, 19
484, 884, 24
1330, 884, 24
2212, 884, 19
2494, 884, 19
2728, 884, 19
2926, 884, 29
3118, 884, 19
4066, 884, 19
484, 885, 24
1330, 885, 24
2212, 885, 19
2494, 885, 19
2728, 885, 19
2926, 885, 29
3118, 885, 19
4066, 885, 19
484, 886, 24
1330, 886, 24
2212, 886, 19
2494, 886, 19
2728, 886, 19
2926, 886, 29
3118, 886, 19
4066, 886, 19
484, 887, 24
1330, 887, 24
2212, 887, 19
2494, 887, 19
2728, 887, 19
2926, 887, 29
3118, 887, 19
4066, 887, 19
484, 888, 24
1330, 888, 24
2212, 888, 19
2494, 888, 19
2728, 888, 19
2926, 888, 29
3118, 888, 19
4066, 888, 19
484, 889, 24
1330, 889, 24
2212, 889, 19
2494, 889, 19
2728, 889, 19
2926, 889, 29
3118, 889, 19
4066, 889, 19
484, 890, 24
1330, 890, 24
2212, 890, 19
2494, 890, 19
2926, 890, 29
3118, 890, 19
4066, 890, 19
484, 891, 24
1330, 891, 24
2212, 891, 19
2494, 891, 19
2926, 891, 29
3118, 891, 19
4066, 891, 19
484, 892, 24
1330, 892, 24
2212, 892, 19
2494, 892, 19
2926, 892, 29
3118, 892, 19
4066, 892, 19
484, 893, 24
1330, 893, 24
2212, 893, 19
2494, 893, 19
2926, 893, 29
3118, 893, 19
4066, 893, 19
484, 894, 24
1330, 894, 24
2212, 894, 19
2494, 894, 19
2926, 894, 29
3118, 894, 19
4066, 894, 19
484, 895, 24
1330, 895, 24
2212, 895, 19
2494, 895, 19
2926, 895, 29
3118, 895, 19
4066, 895, 19
484, 896, 24
1330, 896, 24
2212, 896, 19
2494, 896, 19
2926, 896, 29
3118, 896, 19
4066, 896, 19
484, 897, 24
1330, 897, 24
2212, 897, 19
2494, 897, 19
2926, 897, 29
3118, 897, 19
4066, 897, 19
484, 898, 24
1330, 898, 24
2212, 898, 19
2494, 898, 19
2926, 898, 29
3118, 898, 19
4066, 898, 19
484, 899, 24
1330, 899, 24
2212, 899, 19
2494, 899, 19
2926, 899, 29
3118, 899, 19
4066, 899, 19
484, 900, 24
2212, 900, 19
2494, 900, 19
2926, 900, 29
3118, 900, 19
4066, 900, 19
484, 901, 24
1150, 901, 19
2212, 901, 19
2494, 901, 19
2926, 901, 29
3118, 901, 19
4066, 901, 19
484, 902, 24
1150, 902, 19
2212, 902, 19
2494, 902, 19
2926, 902, 29
3118, 902, 19
4066, 902, 19
484, 903, 24
1150, 903, 19
2212, 903, 19
2494, 903, 19
2926, 903, 29
3118, 903, 19
4066, 903, 19
484, 904, 24
1150, 904, 19
2212, 904, 19
2494, 904, 19
2926, 904, 29
3118, 904, 19
4066, 904, 19
484, 905, 24
1150, 905, 19
2494, 905, 19
2926, 905, 29
3118, 905, 19
4066, 905, 19
484, 906, 24
1150, 906, 19
2494, 906, 19
2926, 906, 29
3118, 906, 19
4066, 906, 19
484, 907, 24
1150, 907, 19
2494, 907, 19
2926, 907, 29
3118, 907, 19
4066, 907, 19
484, 908, 24
1150, 908, 19
2494, 908, 19
2554, 908, 19
2926, 908, 29
3118, 908, 19
4066, 908, 19
484, 909, 24
1150, 909, 19
2494, 909, 19
2554, 909, 19
2926, 909, 29
3118, 909, 19
4066, 909, 19
484, 910, 24
1150, 910, 19
2452, 910, 19
2494, 910, 19
2554, 910, 19
3118, 910, 19
4066, 910, 19
484, 911, 24
1150, 911, 19
2452, 911, 19
2494, 911, 19
2554, 911, 19
3118, 911, 19
4066, 911, 19
484, 912, 24
1150, 912, 19
2452, 912, 19
2494, 912, 19
2554, 912, 19
3118, 912, 19
4066, 912, 19
484, 913, 24
1150, 913, 19
2452, 913, 19
2494, 913, 19
2554, 913, 19
3118, 913, 19
4066, 913, 19
4252, 913, 24
484, 914, 24
1150, 914, 19
2452, 914, 19
2494, 914, 19
2554, 914, 19
3118, 914, 19
4066, 914, 19
4252, 914, 24
484, 915, 24
1150, 915, 19
2452, 915, 19
2494, 915, 19
2554, 915, 19
3118, 915, 19
4066, 915, 19
4252, 915, 24
484, 916, 24
1150, 916, 19
2452, 916, 19
2494, 916, 19
2554, 916, 19
3118, 916, 19
4066, 916, 19
4252, 916, 24
484, 917, 24
1150, 917, 19
2452, 917, 19
2494, 917, 19
2554, 917, 19
3118, 917, 19
4066, 917, 19
4252, 917, 24
484, 918, 24
1150, 918, 19
2452, 918, 19
2494, 918, 19
3118, 918, 19
4066, 918, 19
4252, 918, 24
484, 919, 24
1150, 919, 19
2452, 919, 19
3118, 919, 19
4066, 919, 19
4252, 919, 24
484, 920, 24
1150, 920, 19
2452, 920, 19
3118, 920, 19
4066, 920, 19
4252, 920, 24
484, 921, 24
1150, 921, 19
2452, 921, 19
3118, 921, 19
4066, 921, 19
4252, 921, 24
484, 922, 24
1150, 922, 19
2452, 922, 19
3118, 922, 19
4066, 922, 19
4252, 922, 24
484, 923, 24
1150, 923, 19
2452, 923, 19
3118, 923, 19
4066, 923, 19
4252, 923, 24
484, 924, 24
1150, 924, 19
2452, 924, 19
3118, 924, 19
4066, 924, 19
4252, 924, 24
484, 925, 24
1150, 925, 19
2452, 925, 19
3118, 925, 19
4066, 925, 19
4252, 925, 24
484, 926, 24
1150, 926, 19
2452, 926, 19
3118, 926, 19
4066, 926, 19
4252, 926, 24
484, 927, 24
1150, 927, 19
2452, 927, 19
3118, 927, 19
4066, 927, 19
4252, 927, 24
484, 928, 24
1150, 928, 19
2452, 928, 19
3118, 928, 19
4066, 928, 19
4252, 928, 24
484, 929, 24
1150, 929, 19
2452, 929, 19
3118, 929, 19
4066, 929, 19
4252, 929, 24
484, 930, 24
1150, 930, 19
2452, 930, 19
3118, 930, 19
4066, 930, 19
4252, 930, 24
484, 931, 24
1150, 931, 19
2452, 931, 19
3118, 931, 19
4066, 931, 19
4252, 931, 24
484, 932, 24
1150, 932, 19
2452, 932, 19
3118, 932, 19
4066, 932, 19
4252, 932, 24
484, 933, 24
1150, 933, 19
2452, 933, 19
3118, 933, 19
4066, 933, 19
4252, 933, 24
484, 934, 24
1150, 934, 19
2452, 934, 19
3118, 934, 19
4066, 934, 19
4252, 934, 24
484, 935, 24
1150, 935, 19
2452, 935, 19
3118, 935, 19
4066, 935, 19
4252, 935, 24
484, 936, 24
1150, 936, 19
2452, 936, 19
3118, 936, 19
4066, 936, 19
4252, 936, 24
484, 937, 24
1150, 937, 19
2452, 937, 19
3118, 937, 19
4066, 937, 19
4252, 937, 24
484, 938, 24
1150, 938, 19
2452, 938, 19
3118, 938, 19
4066, 938, 19
4252, 938, 24
484, 939, 24
1150, 939, 19
2452, 939, 19
3118, 939, 19
4066, 939, 19
4252, 939, 24
484, 940, 24
1150, 940, 19
2452, 940, 19
3118, 940, 19
4066, 940, 19
4252, 940, 24
484, 941, 24
1150, 941, 19
2452, 941, 19
3118, 941, 19
4066, 941, 19
4252, 941, 24
484, 942, 24
1150, 942, 19
2452, 942, 19
3118, 942, 19
4066, 942, 19
4252, 942, 24
484, 943, 24
1150, 943, 19
2452, 943, 19
3118, 943, 19
4066, 943, 19
4252, 943, 24
484, 944, 24
1150, 944, 19
2452, 944, 19
3118, 944, 19
4066, 944, 19
4252, 944, 24
484, 945, 24
1150, 945, 19
2452, 945, 19
3118, 945, 19
4066, 945, 19
4252, 945, 24
484, 946, 24
1150, 946, 19
2452, 946, 19
3118, 946, 19
4066, 946, 19
4252, 946, 24
484, 947, 24
1150, 947, 19
2452, 947, 19
3118, 947, 19
4066, 947, 19
4252, 947, 24
484, 948, 24
1150, 948, 19
2452, 948, 19
3118, 948, 19
4066, 948, 19
4252, 948, 24
484, 949, 24
1150, 949, 19
2452, 949, 19
3118, 949, 19
4066, 949, 19
4252, 949, 24
484, 950, 24
1150, 950, 19
2452, 950, 19
3118, 950, 19
4066, 950, 19
4252, 950, 24
484, 951, 24
1150, 951, 19
2452, 951, 19
3118, 951, 19
4066, 951, 19
484, 952, 24
1150, 952, 19
2452, 952, 19
3118, 952, 19
4066, 952, 19
1150, 953, 19
2452, 953, 19
3118, 953, 19
4066, 953, 19
1150, 954, 19
2452, 954, 19
3118, 954, 19
4066, 954, 19
1150, 955, 19
2452, 955, 19
3118, 955, 19
4066, 955, 19
1150, 956, 19
1912, 956, 29
2452, 956, 19
3118, 956, 19
4066, 956, 19
1150, 957, 19
1912, 957, 29
2452, 957, 19
3118, 957, 19
4066, 957, 19
1150, 958, 19
1912, 958, 29
2452, 958, 19
3118, 958, 19
4066, 958, 19
1150, 959, 19
1912, 959, 29
2452, 959, 19
3118, 959, 19
4066, 959, 19
1150, 960, 19
1912, 960, 29
2452, 960, 19
3118, 960, 19
4066, 960, 19
1150, 961, 19
1912, 961, 29
2452, 961, 19
3118, 961, 19
4066, 961, 19
1912, 962, 29
2452, 962, 19
3118, 962, 19
4066, 962, 19
1912, 963, 29
2452, 963, 19
3118, 963, 19
4066, 963, 19
1912, 964, 29
2452, 964, 19
3118, 964, 19
4066, 964, 19
1912, 965, 29
2452, 965, 19
3118, 965, 19
4066, 965, 19
1912, 966, 29
2452, 966, 19
4066, 966, 19
1912, 967, 29
2452, 967, 19
3430, 967, 19
4066, 967, 19
1912, 968, 29
2452, 968, 19
3430, 968, 19
4066, 968, 19
1912, 969, 29
2452, 969, 19
3430, 969, 19
4066, 969, 19
1912, 970, 29
2452, 970, 19
3430, 970, 19
4066, 970, 19
1912, 971, 29
2452, 971, 19
3430, 971, 19
4066, 971, 19
1912, 972, 29
2452, 972, 19
3430, 972, 19
4066, 972, 19
1912, 973, 29
2452, 973, 19
3430, 973, 19
4066, 973, 19
1912, 974, 29
2452, 974, 19
3430, 974, 19
4066, 974, 19
1912, 975, 29
2452, 975, 19
3430, 975, 19
4042, 975, 24
1912, 976, 29
2452, 976, 19
3430, 976, 19
4042, 976, 24
1912, 977, 29
2452, 977, 19
3430, 977, 19
4042, 977, 24
1912, 978, 29
2452, 978, 19
3430, 978, 19
4042, 978, 24
1912, 979, 29
2452, 979, 19
3430, 979, 19
4042, 979, 24
1912, 980, 29
2452, 980, 19
3430, 980, 19
4042, 980, 24
1912, 981, 29
2452, 981, 19
3430, 981, 19
4042, 981, 24
1912, 982, 29
2452, 982, 19
3430, 982, 19
4042, 982, 24
1912, 983, 29
2452, 983, 19
2662, 983, 24
3430, 983, 19
4042, 983, 24
1912, 984, 29
2452, 984, 19
2662, 984, 24
3430, 984, 19
4042, 984, 24
1912, 985, 29
2452, 985, 19
2662, 985, 24
3430, 985, 19
4042, 985, 24
1912, 986, 29
2452, 986, 19
2662, 986, 24
3430, 986, 19
4042, 986, 24
1912, 987, 29
2452, 987, 19
2662, 987, 24
3430, 987, 19
4042, 987, 24
4384, 987, 19
1912, 988, 29
2452, 988, 19
2662, 988, 24
3430, 988, 19
4042, 988, 24
4384, 988, 19
1912, 989, 29
2452, 989, 19
2662, 989, 24
3430, 989, 19
4042, 989, 24
4384, 989, 19
1912, 990, 29
2452, 990, 19
2662, 990, 24
3430, 990, 19
4042, 990, 24
4384, 990, 19
1912, 991, 29
2452, 991, 19
2662, 991, 24
3430, 991, 19
4042, 991, 24
4384, 991, 19
1912, 992, 29
2452, 992, 19
2662, 992, 24
3430, 992, 19
4042, 992, 24
4384, 992, 19
1912, 993, 29
2452, 993, 19
2662, 993, 24
3430, 993, 19
4042, 993, 24
4384, 993, 19
1912, 994, 29
2452, 994, 19
2662, 994, 24
3430, 994, 19
4042, 994, 24
4384, 994, 19
1912, 995, 29
2452, 995, 19
2662, 995, 24
3430, 995, 19
4042, 995, 24
4384, 995, 19
1912, 996, 29
2452, 996, 19
2662, 996, 24
3430, 996, 19
4042, 996, 24
4384, 996, 19
1912, 997, 29
2452, 997, 19
2662, 997, 24
3430, 997, 19
4042, 997, 24
4384, 997, 19
1912, 998, 29
2452, 998, 19
2662, 998, 24
3430, 998, 19
4042, 998, 24
4384, 998, 19
1912, 999, 29
2452, 999, 19
2662, 999, 24
3430, 999, 19
4042, 999, 24
4384, 999, 19
1912, 1000, 29
2452, 1000, 19
2662, 1000, 24
3430, 1000, 19
4042, 1000, 24
4384, 1000, 19
