226, 8, 14113,19186.6,14
328, 10, 17948.2,24237.5,34
226, 10, 14111.9,19176.9,14
226, 12, 14115.5,19161.4,14
328, 12, 17951,24234,34
436, 14, 20444.2,17738.8,39
226, 14, 14117.1,19140.3,14
328, 14, 17959.4,24223.5,34
436, 16, 20440.7,17734.7,39
226, 16, 14121.8,19120.5,14
328, 16, 17971.2,24208.8,34
532, 18, 13987.6,18956.4,14
226, 18, 14128.5,19086.2,14
328, 18, 17982.3,24194.9,34
568, 18, 13545,19218.4,14
436, 18, 20434,17726.1,39
436, 20, 20422.5,17715,39
532, 20, 13981.2,18966,14
226, 20, 14133.6,19067,14
568, 20, 13549.8,19215.7,14
328, 20, 17994.1,24180.3,34
328, 22, 18005.5,24166.1,34
532, 22, 13964.1,18976.9,14
226, 22, 14138.6,19048.4,14
652, 22, 18279.5,23576.1,34
568, 22, 13561.4,19209.1,14
436, 22, 20401,17710.7,39
532, 24, 13941.1,18988.5,14
226, 24, 14143.5,19030,14
568, 24, 13578.5,19199.4,14
436, 24, 20378.2,17710.8,39
328, 24, 18017,24151.7,34
724, 24, 17739.4,23915.5,34
652, 24, 18270.2,23581.2,34
436, 26, 20354.9,17711.2,39
328, 26, 18028.1,24137.9,34
532, 26, 13916.8,18999.7,14
724, 26, 17747.2,23918.7,34
226, 26, 14154.3,18996.8,14
652, 26, 18252.5,23588.6,34
568, 26, 13593.7,19190.8,14
328, 28, 18039.9,24123.3,34
724, 28, 17762.9,23924.5,34
652, 28, 18229.5,23598.2,34
532, 28, 13892.9,19016.3,14
226, 28, 14159.4,18978.7,14
568, 28, 13597.1,19188.9,14
436, 28, 20330.6,17711.6,39
532, 30, 13896.9,19024.3,14
226, 30, 14164.5,18960.2,14
568, 30, 13597.1,19188.9,14
898, 30, 20162.1,18129.9,39
436, 30, 20309.7,17701.9,39
328, 30, 18051.4,24108.9,34
724, 30, 17785,23932.6,34
652, 30, 18203.8,23609,34
532, 32, 13915.3,19021.2,14
226, 32, 14169.7,18941.8,14
568, 32, 13597.1,19188.9,14
820, 32, 14472.6,18538.5,14
328, 32, 18062,24093.8,34
724, 32, 17814.9,23940.7,34
652, 32, 18178.3,23619.7,34
988, 32, 18490.8,24348.5,34
898, 32, 20156,18132.4,39
436, 32, 20305.1,17679.2,39
898, 34, 20145.4,18136.7,39
532, 34, 13938.7,19010.4,14
226, 34, 14147.7,18915.3,14
568, 34, 13597.1,19188.9,14
820, 34, 14482.1,18542.3,14
328, 36, 18047.5,24064.2,34
724, 36, 17885.6,23953.3,34
652, 36, 18128,23643.3,34
898, 36, 20134.3,18141.3,39
988, 36, 18476.6,24336.3,34
532, 36, 13962.9,18999.2,14
226, 36, 14131.7,18915.7,14
436, 36, 20303.1,17633.7,39
568, 36, 13605.8,19183.9,14
820, 36, 14484.8,18556.5,14
328, 38, 18034.8,24052.2,34
724, 38, 17921.3,23957.8,34
532, 38, 13988,18991.1,14
652, 38, 18103.3,23655.5,34
226, 38, 14108.7,18915.3,14
988, 38, 18459.9,24321.5,34
568, 38, 13612.6,19180,14
898, 38, 20122.5,18146.1,39
436, 38, 20302,17610.3,39
328, 40, 18021.9,24040.1,34
724, 40, 17956.9,23964.4,34
652, 40, 18077.8,23668.2,34
532, 40, 14014.9,18996,14
988, 40, 18437.6,24301.6,34
226, 40, 14084.4,18915,14
1174, 40, 14189.3,19012.5,14
568, 40, 13625.2,19172.8,14
820, 40, 14482.1,18577.5,14
898, 40, 20105.9,18153.6,39
436, 40, 20301,17586.7,39
532, 42, 14043.7,18996.2,14
226, 42, 14060.4,18915.1,14
1174, 42, 14200.9,19013.5,14
568, 42, 13642.3,19162.9,14
820, 42, 14471.2,18587.5,14
898, 42, 20089,18162.8,39
436, 42, 20283.6,17568.8,39
532, 44, 14067.2,18998.3,14
226, 44, 14037.8,18904.7,14
1174, 44, 14220.1,19015.3,14
898, 44, 20066.9,18174.6,39
568, 44, 13666.5,19149.2,14
820, 44, 14461.5,18591.2,14
328, 44, 17994.1,24013.7,34
724, 44, 18023.4,23986.2,34
436, 44, 20261,17573.6,39
652, 44, 18028.2,23692.5,34
988, 44, 18386.1,24256.2,34
328, 46, 17981.1,24001.5,34
724, 46, 18055,24001.9,34
652, 46, 18002.5,23704.9,34
988, 46, 18360.2,24233.7,34
898, 46, 20045.9,18185.9,39
436, 46, 20237.7,17577.9,39
532, 46, 14090,19000.4,14
226, 46, 14033.7,18887.6,14
1174, 46, 14245.5,19017.6,14
568, 46, 13685.6,19139,14
820, 46, 14456.3,18603.3,14
328, 48, 17968.3,23989.4,34
724, 48, 18085.8,24022.1,34
652, 48, 17978.9,23717.3,34
988, 48, 18333.8,24210.7,34
1384, 48, 13908.9,19027.8,14
532, 48, 14112.8,19002.4,14
226, 48, 14035.7,18866.2,14
1174, 48, 14270.8,19019.9,14
568, 48, 13705.1,19128.8,14
820, 48, 14459.5,18612.4,14
898, 48, 20024.2,18197.6,39
436, 48, 20214.4,17578.8,39
328, 50, 17950.5,23984.1,34
724, 50, 18113.6,24043.8,34
898, 50, 20003.2,18209,39
652, 50, 17954.2,23730.3,34
988, 50, 18307.8,24188.1,34
436, 50, 20191.3,17583,39
1384, 50, 13915.9,19024.5,14
532, 50, 14127.4,19003.7,14
226, 50, 14037.9,18843.3,14
1174, 50, 14296.4,19022.3,14
568, 50, 13723.8,19119.2,14
820, 50, 14458.3,18627.3,14
328, 52, 17932.6,23981.3,34
724, 52, 18141.1,24066.8,34
652, 52, 17930.1,23743.4,34
988, 52, 18282.1,24165.7,34
1384, 52, 13927.7,19019.1,14
532, 52, 14132.8,19021.8,14
226, 52, 14039.9,18821.6,14
568, 52, 13742.3,19110.1,14
1174, 52, 14321.3,19024.6,14
820, 52, 14442.7,18640.2,14
898, 52, 19981.9,18220.4,39
436, 52, 20168.2,17587.2,39
550, 52, 15813.3,13707.1,24
328, 54, 17914.7,23978.4,34
724, 54, 18168.5,24089.7,34
652, 54, 17906.3,23756.9,34
988, 54, 18255.9,24142.9,34
1384, 54, 13946.2,19010.5,14
532, 54, 14128.2,19037.4,14
226, 54, 14054.8,18809.6,14
568, 54, 13754.9,19118.9,14
1174, 54, 14346.6,19026.9,14
820, 54, 14426,18653.6,14
898, 54, 19960.9,18231.7,39
436, 54, 20145.7,17591.5,39
1384, 56, 13970.1,18999.6,14
328, 56, 17897.2,23975.6,34
532, 56, 14121.5,19064.5,14
226, 56, 14068.5,18807.1,14
724, 56, 18195.6,24112.9,34
652, 56, 17882.6,23770.3,34
988, 56, 18229.7,24120,34
568, 56, 13761,19129.3,14
1174, 56, 14372.2,19029.3,14
820, 56, 14408.4,18667.8,14
1642, 56, 18490.8,24348.5,34
898, 56, 19939.2,18243.4,39
436, 56, 20122.5,17596.2,39
1384, 58, 13994.5,18994.7,14
532, 58, 14117.1,19082.9,14
226, 58, 14082.5,18804.6,14
568, 58, 13768.3,19139.3,14
1174, 58, 14397.7,19031.6,14
820, 58, 14391.3,18681.8,14
328, 58, 17878.7,23972.7,34
988, 58, 18203.2,24097.8,34
652, 58, 17849.8,23789.4,34
724, 58, 18223.9,24133.3,34
898, 58, 19918.3,18254.7,39
436, 58, 20106.6,17600.2,39
1642, 58, 18485.8,24344.5,34
1384, 60, 14019.7,18996.3,14
532, 60, 14116,19088,14
226, 60, 14095.8,18802.2,14
568, 60, 13775.3,19149,14
1750, 60, 14179.8,18689.7,14
1174, 60, 14435.1,19034.5,14
820, 60, 14374.2,18695.8,14
328, 60, 17860.7,23970,34
988, 60, 18177.3,24075.8,34
652, 60, 17826.4,23803.4,34
724, 60, 18251.2,24157.3,34
1642, 60, 18475.3,24335.2,34
550, 60, 15860.2,13693,24
898, 60, 19889.3,18270.2,39
436, 60, 20094.6,17588.2,39
898, 62, 19868.7,18281.1,39
988, 62, 18151.2,24053.4,34
328, 62, 17841.9,23970,34
436, 62, 20088.8,17575.6,39
652, 62, 17803.4,23817,34
724, 62, 18278.3,24181.1,34
550, 62, 15857.2,13670.2,24
1642, 62, 18459,24320.7,34
1384, 62, 14047,18996.5,14
532, 62, 14112.8,19087.2,14
226, 62, 14108.9,18800.3,14
568, 62, 13783,19159.6,14
1750, 62, 14175,18681.5,14
820, 62, 14357,18709.9,14
1174, 62, 14458.8,19036.4,14
898, 64, 19848.5,18291.8,39
436, 64, 20083.1,17562.9,39
988, 64, 18124.7,24030.8,34
328, 64, 17824.3,23967.9,34
652, 64, 17780.3,23832.1,34
724, 64, 18305.3,24204.9,34
1384, 64, 14069.4,18998.5,14
1642, 64, 18437.2,24301.3,34
550, 64, 15851.4,13646.9,24
988, 66, 18096.9,24009.8,34
328, 66, 17807.2,23961.1,34
652, 66, 17759.7,23849.3,34
724, 66, 18332.1,24228.4,34
1642, 66, 18411.7,24278.6,34
550, 66, 15842.7,13624.3,24
898, 66, 19828.6,18302.3,39
436, 66, 20077.4,17550.2,39
1384, 66, 14092.1,19000.6,14
532, 66, 14112.8,19087.2,14
226, 66, 14136.9,18796.4,14
568, 66, 13804.1,19181.4,14
1750, 66, 14156.7,18657.2,14
820, 66, 14318.7,18751.3,14
1174, 66, 14505.9,19039.5,14
1384, 68, 14113.9,19002.5,14
532, 68, 14112.8,19087.2,14
550, 68, 15834.1,13602,24
1858, 68, 15721.6,13661.7,24
898, 68, 19807.3,18313.7,39
436, 68, 20071.4,17537,39
1384, 70, 14128.3,19003.8,14
532, 70, 14112.8,19087.2,14
226, 70, 14164,18794.3,14
568, 70, 13823.7,19197.6,14
820, 70, 14284.8,18784.5,14
1750, 70, 14137.6,18631.9,14
1174, 70, 14563.2,19042.2,14
988, 70, 18036.9,23975.4,34
328, 70, 17771,23954.7,34
652, 70, 17747.1,23864.8,34
1642, 70, 18359.4,24233,34
724, 70, 18386,24275.2,34
898, 70, 19774.2,18338.4,39
436, 70, 20065.6,17524.1,39
550, 70, 15826.2,13581,24
1858, 70, 15723,13647.7,24
550, 72, 15820,13557.4,24
988, 72, 18004.7,23962.8,34
898, 72, 19761.7,18340.7,39
436, 72, 20059.9,17511.4,39
328, 72, 17752.1,23955.3,34
652, 72, 17740.9,23877.9,34
1642, 72, 18333.7,24210.5,34
724, 72, 18413.3,24298.3,34
244, 72, 9451.41,13563,19
1384, 72, 14132.8,19021.9,14
532, 72, 14108.7,19105.7,14
988, 74, 17972.2,23953.4,34
898, 74, 19738.6,18345.6,39
2188, 74, 17948.2,24237.5,34
328, 74, 17734.8,23949.9,34
652, 74, 17738.2,23884,34
436, 74, 20054.2,17498.9,39
1642, 74, 18307.3,24187.6,34
550, 74, 15817.3,13533.6,24
724, 74, 18442.7,24324,34
1858, 74, 15725.9,13619.5,24
1384, 74, 14125.1,19036.1,14
532, 74, 14110,19117.6,14
568, 74, 13847.5,19214.8,14
226, 74, 14191.9,18792.8,14
820, 74, 14251.7,18816.5,14
1750, 74, 14118.8,18607.1,14
1174, 74, 14611.7,19044.1,14
2194, 74, 7584.86,20168.6,29
244, 74, 9484.81,13605.2,19
988, 76, 17938.9,23946.4,34
2188, 76, 17950.7,24234.4,34
328, 76, 17726.1,23923.2,34
652, 76, 17726.6,23891.3,34
1642, 76, 18281.8,24165.4,34
724, 76, 18467.8,24345.8,34
898, 76, 19715.6,18350.5,39
436, 76, 20048.4,17486.3,39
2194, 76, 7583.7,20162.7,29
550, 76, 15816.1,13510.7,24
244, 76, 9517.49,13647.9,19
1384, 76, 14121.7,19064.1,14
532, 76, 14107,19134.9,14
568, 76, 13858.7,19221,14
820, 76, 14236.1,18832.4,14
226, 76, 14206.4,18792.6,14
1750, 76, 14109.8,18595.2,14
1174, 76, 14636.9,19044.7,14
898, 78, 19692.5,18355.5,39
436, 78, 20042.1,17473.2,39
988, 78, 17905.5,23941.8,34
2188, 78, 17957.1,24226.4,34
328, 78, 17727.9,23916.6,34
1642, 78, 18256.6,24143.4,34
652, 78, 17698.9,23878.2,34
724, 78, 18492.6,24365.7,34
550, 78, 15815,13487.9,24
1858, 78, 15727.7,13587.4,24
2194, 78, 7580.94,20150,29
244, 78, 9550.17,13691.8,19
550, 80, 15814.2,13464.1,24
1858, 80, 15729.3,13572.4,24
988, 80, 17872.4,23936.6,34
2188, 80, 17967.5,24213.4,34
1642, 80, 18231.4,24121.5,34
328, 80, 17725.4,23894.4,34
652, 80, 17664.8,23862,34
724, 80, 18501.1,24365,34
244, 80, 9583.9,13734.8,19
1384, 80, 14109.7,19119,14
532, 80, 14098,19177.5,14
820, 80, 14205.7,18863.6,14
568, 80, 13881.9,19234,14
226, 80, 14234.7,18792.3,14
1750, 80, 14091.4,18561.5,14
2368, 80, 14457.2,18628.5,14
1174, 80, 14652.2,19065.5,14
2194, 80, 7576.45,20130.2,29
898, 80, 19669,18360.5,39
436, 80, 20036.2,17461,39
1384, 82, 14105.9,19141.2,14
820, 82, 14190.2,18879.3,14
532, 82, 14091,19208.9,14
568, 82, 13893.1,19240.2,14
226, 82, 14242,18780.5,14
1750, 82, 14080.7,18560.6,14
2368, 82, 14452.3,18632.4,14
1174, 82, 14642,19083.7,14
550, 82, 15813.6,13440.7,24
1858, 82, 15731,13557.6,24
2194, 82, 7568.32,20107.8,29
988, 82, 17838.5,23930.6,34
2188, 82, 17982.6,24194.6,34
1642, 82, 18205.2,24099.6,34
898, 82, 19645,18364.5,39
328, 82, 17706.6,23885.5,34
436, 82, 20030.2,17448.4,39
652, 82, 17629.1,23845.2,34
724, 82, 18488.9,24351.1,34
244, 82, 9617.33,13777.5,19
898, 84, 19622.1,18362.6,39
436, 84, 20023.8,17437.5,39
2194, 84, 7555.11,20086.9,29
244, 84, 9650.39,13819.6,19
550, 84, 15812.7,13417.2,24
1858, 84, 15732.3,13543.8,24
2188, 84, 17999.6,24173.5,34
1642, 84, 18179.4,24077.6,34
988, 84, 17805.6,23922.8,34
328, 84, 17682.8,23874.2,34
652, 84, 17593.3,23828.5,34
724, 84, 18470.1,24334.9,34
2194, 86, 7540.2,20066.9,29
244, 86, 9683.84,13862.3,19
550, 86, 15810.2,13393.9,24
1858, 86, 15732.5,13528.2,24
898, 86, 19599.9,18356.3,39
436, 86, 20015.7,17426.7,39
820, 86, 14158.7,18924.2,14
1384, 86, 14096.4,19184.2,14
568, 86, 13916,19254.1,14
532, 86, 14081.2,19258.7,14
226, 86, 14228.5,18756.1,14
1750, 86, 14051.8,18582.3,14
2368, 86, 14428.2,18656.1,14
1174, 86, 14619.6,19124.5,14
118, 86, 13532,18437.4,14
2188, 86, 18016.9,24151.8,34
1642, 86, 18153,24054.9,34
988, 86, 17763.2,23903.2,34
328, 86, 17660.1,23859.7,34
652, 86, 17558,23811.8,34
724, 86, 18447.2,24310.2,34
898, 88, 19570.4,18360.6,39
436, 88, 20006.5,17417.8,39
820, 88, 14149.2,18920.2,14
1384, 88, 14089.5,19216.2,14
244, 88, 9717.42,13905.1,19
568, 88, 13927.1,19260.7,14
532, 88, 14076.5,19282.8,14
226, 88, 14220.1,18744.6,14
1750, 88, 14053.1,18601.2,14
2368, 88, 14408.9,18671.7,14
1174, 88, 14609.3,19144.7,14
118, 88, 13538.5,18462.1,14
1642, 88, 18126.9,24032.6,34
2188, 88, 18034.1,24130.5,34
988, 88, 17751.5,23890.6,34
550, 88, 15806.5,13367.7,24
328, 88, 17636.8,23848.7,34
1858, 88, 15732.5,13512.4,24
724, 88, 18420.8,24286.7,34
652, 88, 17523.4,23794.9,34
2194, 88, 7521.47,20050.8,29
898, 90, 19546.3,18367.2,39
436, 90, 19993.1,17415.9,39
820, 90, 14134.1,18915.7,14
1384, 90, 14084.8,19240.3,14
568, 90, 13937.9,19267.3,14
532, 90, 14071,19312.3,14
226, 90, 14211.7,18733.1,14
1750, 90, 14051,18624.6,14
2368, 90, 14389.5,18687.5,14
1174, 90, 14600.2,19162.6,14
118, 90, 13546.7,18480.2,14
550, 90, 15829.3,13361.2,24
2638, 90, 15631,13394.7,24
1858, 90, 15731.8,13497.7,24
2194, 90, 7502.96,20033.8,29
244, 90, 9749.94,13948.5,19
1642, 90, 18100.2,24012.1,34
2188, 90, 18051.7,24108.5,34
988, 90, 17748.9,23879.9,34
328, 90, 17613.3,23837.8,34
724, 90, 18394.6,24263.6,34
652, 90, 17487.8,23777.5,34
436, 92, 19979.1,17417,39
898, 92, 19522.6,18373.7,39
820, 92, 14114.3,18915.4,14
1384, 92, 14080.3,19263.3,14
568, 92, 13949,19274,14
532, 92, 14066.9,19336.6,14
226, 92, 14203.3,18721.6,14
1750, 92, 14048.9,18649.6,14
2368, 92, 14370.7,18703,14
244, 92, 9782.49,13992.4,19
1174, 92, 14589.9,19185,14
118, 92, 13554.9,18496.7,14
1978, 92, 13533.8,18452.5,14
1642, 92, 18072.2,23993.6,34
2188, 92, 18064.8,24084.4,34
988, 92, 17748.7,23878.4,34
724, 92, 18367.6,24240.1,34
328, 92, 17589.5,23826.7,34
652, 92, 17452.2,23760.1,34
2656, 92, 7602.34,20268.4,29
2194, 92, 7485.27,20016.6,29
550, 92, 15852.2,13357.8,24
2638, 92, 15626.9,13394.7,24
1858, 92, 15731.3,13482.4,24
2656, 94, 7594.98,20273.4,29
2194, 94, 7468.3,19998.3,29
436, 94, 19966.3,17418.1,39
898, 94, 19499.7,18380.1,39
820, 94, 14092.2,18915.1,14
568, 94, 13960.8,19281.2,14
1384, 94, 14075.7,19286.6,14
1750, 94, 14046.7,18674.6,14
226, 94, 14195.7,18709.8,14
532, 94, 14060.1,19367.9,14
2368, 94, 14354,18721.4,14
1642, 94, 18042.7,23977.8,34
2188, 94, 18047.3,24064.1,34
1174, 94, 14573.9,19208.3,14
118, 94, 13564.3,18518.1,14
1978, 94, 13547.2,18481.2,14
988, 94, 17748.7,23878.3,34
724, 94, 18341.6,24217.5,34
328, 94, 17565.4,23815.4,34
550, 94, 15874,13359.9,24
652, 94, 17417.5,23743.2,34
244, 94, 9815.73,14035.4,19
1858, 94, 15730.9,13468,24
2638, 94, 15616.8,13394.8,24
1642, 96, 18011.6,23965.3,34
2188, 96, 18027.7,24045.5,34
244, 96, 9849.13,14078.9,19
2656, 96, 7583.16,20283.3,29
2194, 96, 7447.49,19970.5,29
550, 96, 15896.4,13367.3,24
436, 96, 19951.6,17419.4,39
1858, 96, 15730.4,13453.5,24
898, 96, 19475.2,18386.8,39
2638, 96, 15602.3,13394.8,24
820, 96, 14069.6,18914.8,14
568, 96, 13972,19287.9,14
1750, 96, 14043.6,18708.6,14
1384, 96, 14070.4,19315.6,14
532, 96, 14055.8,19389.6,14
2368, 96, 14328.6,18746.2,14
1174, 96, 14563.9,19229.6,14
118, 96, 13572.5,18537,14
1978, 96, 13558.9,18505.1,14
244, 98, 9881.15,14122.1,19
436, 98, 19936.8,17405.6,39
2866, 98, 19385.5,17887.9,39
2656, 98, 7566.7,20297.4,29
2194, 98, 7436.64,19950.1,29
2188, 98, 18007.9,24026.8,34
1642, 98, 17980.1,23955.7,34
988, 98, 17748.7,23878.3,34
724, 98, 18287.4,24170.2,34
328, 98, 17517.7,23792.1,34
298, 98, 18543.1,24316,34
2656, 100, 7548.22,20313.3,29
2194, 100, 7427.7,19928.5,29
820, 100, 14028,18926.1,14
1750, 100, 14038.8,18761.5,14
568, 100, 13969.7,19305.5,14
2368, 100, 14290.4,18783.7,14
1384, 100, 14060,19368,14
532, 100, 14039.3,19440.3,14
118, 100, 13592.7,18580.7,14
1174, 100, 14544.9,19273.7,14
1978, 100, 13580.3,18553.5,14
550, 100, 15940,13381.8,24
1858, 100, 15728.4,13426.1,24
2638, 100, 15573.5,13395,24
2188, 100, 17987.9,24007.9,34
1642, 100, 17947.9,23947.8,34
2950, 100, 17948.2,24237.5,34
988, 100, 17748.7,23878.3,34
724, 100, 18261.2,24147.5,34
328, 100, 17493.3,23780.2,34
298, 100, 18522.5,24333.6,34
244, 100, 9920.65,14172.9,19
436, 100, 19923.9,17386.2,39
2866, 100, 19379,17887.2,39
2656, 102, 7530.29,20328.7,29
2194, 102, 7418.96,19907.4,29
436, 102, 19913.2,17365.1,39
2866, 102, 19364.9,17885.5,39
550, 102, 15963.3,13387.6,24
1858, 102, 15726.7,13411.3,24
2188, 102, 17968.7,23989.7,34
2638, 102, 15559.6,13395.1,24
1642, 102, 17915.3,23943.1,34
2950, 102, 17952.1,24232.6,34
724, 102, 18234.1,24123.9,34
988, 102, 17748.7,23878.3,34
328, 102, 17470.2,23768.9,34
298, 102, 18503.2,24350.3,34
2944, 102, 18236.1,23389.7,34
244, 102, 9952.13,14214.2,19
550, 104, 15985.9,13393.1,24
1858, 104, 15724.3,13396.9,24
2638, 104, 15549.8,13395.2,24
2866, 104, 19349,17883.7,39
436, 104, 19902.6,17343.6,39
244, 104, 9984.49,14255.7,19
2188, 104, 17943.9,23983.1,34
1642, 104, 17881.5,23938.2,34
2950, 104, 17960,24222.7,34
724, 104, 18207.1,24101.2,34
988, 104, 17748.7,23878.3,34
328, 104, 17447.4,23757.8,34
298, 104, 18492,24349.4,34
2944, 104, 18247.5,23390.6,34
820, 104, 14000.7,18945.3,14
1750, 104, 14033.1,18823.6,14
568, 104, 13948.2,19314,14
2368, 104, 14260.2,18812.8,14
1384, 104, 14048.6,19416,14
532, 104, 14022.1,19481,14
118, 104, 13612.7,18625,14
1978, 104, 13604.6,18607.2,14
550, 106, 16018.9,13397.1,24
1858, 106, 15729.4,13386.7,24
3178, 106, 8414.41,20227.7,29
2638, 106, 15558.4,13398.4,24
2656, 106, 7494.72,20359.3,29
2194, 106, 7377.89,19875.4,29
2866, 106, 19333.6,17882.6,39
820, 106, 13980.8,18962.2,14
1750, 106, 14030.7,18849.2,14
2368, 106, 14258.9,18814,14
568, 106, 13937.2,19318.3,14
1384, 106, 14040.5,19437.5,14
532, 106, 14019,19485.9,14
118, 106, 13621.5,18644.4,14
1978, 106, 13613.5,18626.7,14
244, 106, 10016.1,14296.2,19
2188, 106, 17917.3,23978.8,34
1642, 106, 17847.6,23932.2,34
724, 106, 18180,24078.1,34
2950, 106, 17972.9,24206.7,34
988, 106, 17749.2,23867.4,34
298, 106, 18480,24339.4,34
328, 106, 17423.8,23746.3,34
2188, 108, 17890.5,23974.6,34
724, 108, 18152.8,24054.7,34
2950, 108, 17987.4,24188.6,34
1642, 108, 17814.2,23924.9,34
988, 108, 17754.9,23860.4,34
244, 108, 10049.1,14342.8,19
3178, 108, 8420.15,20228.1,29
2194, 108, 7356.28,19868.1,29
550, 108, 16041.8,13393.7,24
1858, 108, 15745.5,13382.8,24
2638, 108, 15572.9,13398.3,24
820, 108, 13961.3,18974.6,14
244, 110, 10081,14385.7,19
550, 110, 16063.8,13388.1,24
1858, 110, 15766.2,13377.7,24
2638, 110, 15587.8,13398.2,24
724, 110, 18125.8,24031.7,34
2188, 110, 17862.8,23970.2,34
2950, 110, 18002.3,24170,34
1642, 110, 17768.8,23906,34
988, 110, 17765.1,23848.4,34
820, 110, 13941,18984.9,14
1750, 110, 14026,18904.5,14
298, 110, 18441.2,24304.9,34
2368, 110, 14258.8,18814,14
568, 110, 13915.9,19326.8,14
328, 110, 17376.9,23723,34
1384, 110, 14024.7,19476.8,14
532, 110, 14018.9,19486,14
118, 110, 13635.3,18674.8,14
1978, 110, 13630.1,18663.1,14
3178, 110, 8434.14,20229.2,29
2866, 110, 19304,17880.9,39
436, 110, 19869,17275.3,39
2194, 110, 7335.45,19861.2,29
3178, 112, 8455.33,20227.4,29
2656, 112, 7441.66,20405,29
820, 112, 13920.4,18994.4,14
1750, 112, 14020.2,18922.6,14
724, 112, 18097.2,24010,34
2950, 112, 18017.7,24150.9,34
2188, 112, 17836.8,23970,34
1642, 112, 17755.4,23896.6,34
988, 112, 17782.5,23834.6,34
298, 112, 18413.1,24279.9,34
550, 112, 16086.3,13380.5,24
1858, 112, 15787.3,13372.5,24
2638, 112, 15602.1,13398.1,24
550, 114, 16107.4,13373.3,24
1858, 114, 15812.7,13365.9,24
2638, 114, 15616.9,13398.1,24
3178, 114, 8480.72,20229.5,29
2866, 114, 19272.9,17880,39
2194, 114, 7286.36,19844.4,29
1750, 114, 13994,18955.4,14
820, 114, 13900.5,19003.6,14
2368, 114, 14258.8,18814,14
568, 114, 13885.2,19338.6,14
532, 114, 14016.2,19484.1,14
1384, 114, 14020.1,19484.2,14
118, 114, 13635.8,18675.7,14
1978, 114, 13632.9,18669.4,14
1174, 114, 14477.9,19441,14
244, 114, 10149,14472.9,19
724, 114, 18066.9,23990.8,34
2950, 114, 18032.4,24132.6,34
2188, 114, 17809.9,23961.9,34
988, 114, 17802.5,23821.4,34
1642, 114, 17749.2,23881.4,34
298, 114, 18381.2,24252,34
2944, 114, 18320.5,23475.6,34
724, 116, 18035.6,23974.8,34
2950, 116, 18047.1,24114.3,34
2188, 116, 17784,23955,34
988, 116, 17822.3,23809.7,34
1642, 116, 17738.2,23884,34
298, 116, 18348.5,24223.4,34
244, 116, 10182.1,14513.6,19
2944, 116, 18330.1,23486.9,34
550, 116, 16129.9,13368.2,24
1858, 116, 15835.8,13359.9,24
2638, 116, 15631.4,13398,24
1750, 116, 13972.1,18972,14
820, 116, 13873.9,19014,14
2368, 116, 14256.4,18811.7,14
568, 116, 13873.7,19344.2,14
532, 116, 14016.2,19484.1,14
1384, 116, 14019.1,19485.7,14
118, 116, 13635.8,18675.7,14
1978, 116, 13632.9,18669.4,14
3178, 116, 8506.16,20231.6,29
1174, 116, 14467.2,19472.2,14
2866, 116, 19257.6,17880,39
2194, 116, 7268.26,19838.1,29
1750, 118, 13947.6,18985.5,14
820, 118, 13854.9,19022.7,14
2368, 118, 14256.4,18811.7,14
568, 118, 13862.4,19349.6,14
532, 118, 14013.4,19482.3,14
1384, 118, 14018.9,19485.9,14
118, 118, 13635.8,18675.7,14
1978, 118, 13632.9,18669.4,14
724, 118, 18002.7,23962.2,34
2950, 118, 18061.5,24095.7,34
2188, 118, 17756,23955.1,34
988, 118, 17843.5,23797.2,34
1642, 118, 17735.4,23890.7,34
298, 118, 18316.5,24195.6,34
244, 118, 10218.5,14556,19
2944, 118, 18327.4,23507.8,34
1858, 118, 15860.1,13357.9,24
550, 118, 16153.5,13367.5,24
2638, 118, 15650,13408.2,24
3178, 118, 8531.13,20233.7,29
2866, 120, 19259.1,17883.3,39
1750, 120, 13923.9,18996.4,14
244, 120, 10251.1,14600.2,19
820, 120, 13844.1,19027.7,14
2368, 120, 14256.4,18811.7,14
3178, 120, 8555.43,20235.7,29
724, 120, 17969.3,23952.7,34
2950, 120, 18058.1,24074.3,34
988, 120, 17863.6,23785.1,34
1858, 120, 15884.4,13363.3,24
550, 120, 16175.5,13371.4,24
2638, 120, 15666.8,13403.6,24
2866, 122, 19274.6,17883.3,39
1750, 122, 13899.1,19007.9,14
820, 122, 13842.1,19028.6,14
2368, 122, 14254.2,18809.4,14
568, 122, 13839.8,19360.6,14
532, 122, 14013.4,19482.3,14
1384, 122, 14018.9,19486,14
118, 122, 13635.8,18675.7,14
1978, 122, 13632.9,18669.4,14
2950, 122, 18041.4,24058.5,34
724, 122, 17934.8,23945.8,34
988, 122, 17892.8,23768.4,34
2188, 122, 17727,23918.9,34
1642, 122, 17735.2,23891.4,34
298, 122, 18251.7,24139.2,34
2944, 122, 18307,23546,34
3178, 122, 8580.88,20238.2,29
2194, 122, 7229.56,19881.5,29
1858, 122, 15908.2,13371.3,24
550, 122, 16197.4,13378.3,24
2638, 122, 15689.7,13397.3,24
2950, 124, 18024.5,24042.5,34
724, 124, 17900.4,23941.1,34
298, 124, 18219.6,24111.6,34
988, 124, 17914.2,23756.2,34
2188, 124, 17728.8,23914.5,34
1642, 124, 17735.2,23891.4,34
1750, 124, 13896.4,19023.3,14
2944, 124, 18294,23564.4,34
820, 124, 13842,19028.6,14
2368, 124, 14254.2,18809.4,14
568, 124, 13828.8,19366,14
532, 124, 14013.4,19482.3,14
1384, 124, 14016.2,19484.1,14
118, 124, 13635.8,18675.7,14
1978, 124, 13632.9,18669.4,14
1858, 124, 15931.8,13379.1,24
550, 124, 16219.1,13385.8,24
2638, 124, 15713.1,13390.9,24
1174, 124, 14449.2,19534.6,14
3178, 124, 8606.08,20240.8,29
2866, 124, 19290,17883.4,39
2194, 124, 7223.52,19912.8,29
2950, 126, 18006.8,24025.7,34
1858, 126, 15955.9,13385.7,24
2638, 126, 15746.1,13382.6,24
550, 126, 16241.6,13393.1,24
2866, 126, 19304.7,17884.2,39
1750, 126, 13906.9,19025,14
820, 126, 13842,19028.6,14
2368, 126, 14254.2,18809.4,14
568, 126, 13817.4,19371.5,14
532, 126, 14013.4,19482.3,14
1384, 126, 14016.2,19484.1,14
118, 126, 13635.8,18675.7,14
1978, 126, 13632.9,18669.4,14
1750, 128, 13924.6,19016.9,14
820, 128, 13842,19028.6,14
2368, 128, 14254.2,18809.4,14
3178, 128, 8655.66,20246,29
2950, 128, 17989.8,24009.7,34
298, 128, 18152.9,24059.2,34
724, 128, 17830.9,23928.8,34
988, 128, 17957.4,23732.4,34
2188, 128, 17728.9,23914.3,34
1642, 128, 17735.2,23891.4,34
2944, 128, 18244.4,23592,34
1858, 128, 15980.1,13391.7,24
2638, 128, 15769.9,13376.8,24
550, 128, 16263.3,13400.6,24
2950, 130, 17972.5,23993.3,34
298, 130, 18120.8,24031.9,34
532, 130, 14013.4,19482.3,14
1384, 130, 14016.2,19484.1,14
1858, 132, 16038.2,13394.7,24
2638, 132, 15811,13366.4,24
1750, 132, 13974.8,18993.8,14
550, 132, 16305.9,13421.9,24
820, 132, 13842,19028.6,14
2368, 132, 14254.2,18809.4,14
568, 132, 13778.8,19390.6,14
532, 132, 14013.4,19482.3,14
1384, 132, 14016.2,19484.1,14
118, 132, 13635.8,18675.7,14
1978, 132, 13632.9,18669.4,14
2194, 132, 7253.88,19971.8,29
784, 132, 9835.8,13375.6,19
2866, 132, 19350.1,17887.2,39
2950, 132, 17951.7,23984.3,34
298, 132, 18086.8,24006.9,34
724, 132, 17761.6,23902.3,34
2188, 132, 17728.9,23914.3,34
1642, 132, 17735.2,23891.4,34
988, 132, 17999.9,23709.9,34
2944, 132, 18201,23610.2,34
1750, 134, 14002.5,18995.1,14
820, 134, 13842,19028.6,14
2368, 134, 14254.2,18809.4,14
568, 134, 13767.1,19396.4,14
532, 134, 14013.4,19482.3,14
1384, 134, 14016.2,19484.1,14
118, 134, 13635.8,18675.7,14
1978, 134, 13632.9,18669.4,14
1858, 134, 16063.2,13388.3,24
2638, 134, 15830,13361,24
550, 134, 16334.6,13438.1,24
298, 134, 18050.4,23985.6,34
2950, 134, 17927.1,23980.4,34
724, 134, 17750.7,23888.9,34
2188, 134, 17728.9,23914.3,34
1642, 134, 17735.2,23891.4,34
988, 134, 18022.2,23699.1,34
2944, 134, 18178.7,23619.6,34
784, 134, 9853.69,13388.4,19
2866, 134, 19366.1,17889,39
2638, 136, 15855.7,13357.8,24
1858, 136, 16087.4,13380.1,24
550, 136, 16353.8,13449.4,24
2194, 136, 7252.19,20018.2,29
784, 138, 9885.25,13429.7,19
2866, 138, 19396.4,17892.7,39
2194, 138, 7250.51,20042,29
298, 138, 17969.7,23956.2,34
2950, 138, 17880.6,23973,34
2188, 138, 17728.9,23914.3,34
1642, 138, 17735.2,23891.4,34
724, 138, 17737.2,23886.3,34
988, 138, 18066.4,23677.5,34
2944, 138, 18134.7,23640,34
1750, 138, 14057.6,18997.4,14
2638, 138, 15881.3,13362.3,24
1858, 138, 16110.9,13372.1,24
820, 138, 13842,19028.6,14
2368, 138, 14254.2,18809.4,14
550, 138, 16371.7,13462.1,24
568, 138, 13744.6,19407.7,14
532, 138, 14013.4,19482.3,14
1384, 138, 14016.2,19484.1,14
118, 138, 13635.8,18675.7,14
1978, 138, 13632.9,18669.4,14
784, 140, 9897.25,13448.7,19
1750, 140, 14080.8,18999.5,14
820, 140, 13842,19028.6,14
2638, 140, 15907,13370.9,24
1858, 140, 16136.3,13367.4,24
550, 140, 16389.7,13475.3,24
1750, 142, 14105,19001.8,14
820, 142, 13834.4,19024.1,14
2638, 142, 15933,13379.5,24
2368, 142, 14253.3,18814.9,14
1858, 142, 16161.3,13368.4,24
118, 142, 13640.5,18686.3,14
1978, 142, 13633.5,18670.8,14
532, 142, 14001.7,19497.2,14
1384, 142, 14004,19499.6,14
568, 142, 13721.5,19423.8,14
550, 142, 16407.7,13488.6,24
784, 142, 9909.09,13467.5,19
2194, 142, 7247.12,20089.9,29
2866, 142, 19442.2,17898,39
298, 142, 17884.5,23942.1,34
2950, 142, 17833.3,23969.5,34
2188, 142, 17728.9,23914.3,34
1642, 142, 17735.2,23891.4,34
724, 142, 17736.5,23888.3,34
2944, 142, 18092.1,23661.1,34
988, 142, 18109.7,23656,34
2866, 144, 19467.7,17900.1,39
2194, 144, 7245.02,20122.2,29
1750, 144, 14124.9,19003.5,14
820, 144, 13825.5,19018.6,14
2368, 144, 14246.8,18826.2,14
118, 144, 13645.6,18698.1,14
1978, 144, 13639,18682.8,14
532, 144, 13992.8,19511.1,14
1384, 144, 13995.7,19512.9,14
568, 144, 13709.7,19436.4,14
1750, 146, 14134.9,19015.1,14
820, 146, 13814.7,19014.2,14
2368, 146, 14233.1,18840.3,14
118, 146, 13653.2,18715.3,14
1978, 146, 13644.9,18696.4,14
1384, 146, 13984.2,19524.7,14
532, 146, 13978.2,19530.9,14
568, 146, 13701.8,19444.8,14
2950, 146, 17787.8,23955.1,34
298, 146, 17776.6,23912.6,34
2188, 146, 17728.9,23914.3,34
1642, 146, 17735.2,23891.4,34
724, 146, 17736.4,23888.3,34
2944, 146, 18048.7,23682.6,34
988, 146, 18152.2,23635,34
2638, 146, 15984.4,13392.8,24
1858, 146, 16209.6,13382.5,24
784, 146, 9933.34,13507,19
2398, 146, 7213.16,19821.1,29
2866, 146, 19502.7,17900.3,39
2638, 148, 16020.9,13397,24
1858, 148, 16233.9,13390.6,24
1750, 148, 14131.2,19027.2,14
820, 148, 13804,19009.8,14
2368, 148, 14215.5,18858.2,14
118, 148, 13661.5,18734.3,14
1978, 148, 13653.4,18715.8,14
1384, 148, 13969.8,19537.1,14
568, 148, 13693.9,19453.2,14
532, 148, 13956.9,19546.6,14
2866, 148, 19528,17898.8,39
784, 148, 9944.65,13526.3,19
2950, 148, 17764.8,23954.8,34
298, 148, 17754.3,23903.6,34
2188, 148, 17734,23912.8,34
724, 148, 17736.4,23888.3,34
1642, 148, 17729.8,23892.9,34
2944, 148, 18027.6,23692.8,34
988, 148, 18174.3,23625.1,34
2638, 150, 16047.5,13392.3,24
1858, 150, 16257.9,13398.6,24
2866, 150, 19553,17891.1,39
1750, 150, 14124.3,19052.5,14
820, 150, 13793.3,19005.4,14
2368, 150, 14198.3,18875.8,14
2950, 150, 17741.8,23953,34
2188, 150, 17741.4,23916.4,34
298, 150, 17742.9,23898.8,34
724, 150, 17735.5,23890.6,34
2944, 150, 18005.7,23703.4,34
1642, 150, 17720.1,23888.2,34
784, 150, 9956.09,13545.8,19
988, 150, 18196.7,23615.6,34
784, 152, 9966.2,13565.4,19
2638, 152, 16073.9,13384.7,24
1858, 152, 16281,13408.5,24
2398, 152, 7286.22,19847.8,29
2188, 152, 17755.4,23921.8,34
298, 152, 17741.2,23898.1,34
2950, 152, 17725.9,23924,34
2944, 152, 17983.8,23714.6,34
1750, 152, 14119.3,19074.3,14
724, 152, 17720.9,23888.6,34
1642, 152, 17702.2,23879.7,34
2368, 152, 14181.4,18894,14
820, 152, 13783.2,19001.4,14
988, 152, 18218.2,23606.6,34
2866, 152, 19574.4,17876.8,39
118, 152, 13673.8,18784.9,14
1978, 152, 13669.2,18756.2,14
1384, 152, 13929.5,19559.8,14
568, 152, 13681.2,19479.3,14
532, 152, 13909.1,19569.8,14
1750, 154, 14111,19111.4,14
2368, 154, 14169.2,18915.4,14
2188, 154, 17775.3,23929.1,34
2944, 154, 17962.3,23726.1,34
298, 154, 17741,23898,34
2950, 154, 17728,23916.5,34
724, 154, 17700.8,23879.1,34
1642, 154, 17678.7,23868.6,34
988, 154, 18240.4,23597.2,34
3388, 154, 18386.4,23379.8,34
784, 154, 9976.44,13586.6,19
2638, 154, 16100.1,13375.8,24
1858, 154, 16303.4,13420.6,24
2398, 156, 7331.36,19863.3,29
2188, 156, 17802.3,23937.6,34
2944, 156, 17940.6,23737.5,34
298, 156, 17741,23898,34
2950, 156, 17724.3,23893.9,34
724, 156, 17675.5,23867.1,34
1642, 156, 17648.6,23854.3,34
988, 156, 18263.4,23587.6,34
3388, 156, 18376.9,23401.1,34
2638, 156, 16126.2,13368.8,24
1858, 156, 16334,13437.7,24
2638, 158, 16153,13367.5,24
1858, 158, 16354.7,13450,24
2398, 158, 7350.73,19869.7,29
2866, 158, 19621.9,17815.6,39
784, 158, 9992.45,13628,19
2188, 158, 17836.9,23946.2,34
2944, 158, 17918.8,23749.9,34
298, 158, 17741,23898,34
2950, 158, 17704.9,23884.7,34
724, 158, 17645.2,23852.7,34
1642, 158, 17618.1,23840,34
988, 158, 18285.3,23576.4,34
3388, 158, 18366,23423.6,34
2368, 158, 14146.7,18973.4,14
1750, 158, 14102.5,19157.9,14
820, 158, 13738.5,18991.2,14
118, 158, 13687.4,18850.4,14
1978, 158, 13683,18830,14
1384, 158, 13857.6,19586.4,14
568, 158, 13667.2,19513.2,14
532, 158, 13834,19589.4,14
2074, 158, 13955.1,18242.4,14
2368, 160, 14141.5,18991.9,14
784, 160, 9999.56,13649.6,19
2638, 160, 16179.3,13372.6,24
1858, 160, 16375.2,13464.6,24
2866, 160, 19637.2,17795,39
2188, 160, 17875.1,23951.8,34
2944, 160, 17897.8,23761.8,34
298, 160, 17741,23898,34
2950, 160, 17678.7,23872.2,34
724, 160, 17613.6,23838,34
1642, 160, 17587.7,23825.9,34
988, 160, 18307.4,23552.1,34
3388, 160, 18351.6,23455,34
2398, 160, 7370.79,19876.5,29
2368, 162, 14132.4,19023.3,14
784, 162, 10008.6,13680.3,19
2188, 164, 17951.6,23963.3,34
2368, 164, 14125.8,19045.9,14
2944, 164, 17848.4,23790.2,34
298, 164, 17741,23898,34
1750, 164, 14085.6,19236.1,14
118, 164, 13702,18915.3,14
820, 164, 13689.1,19017,14
2950, 164, 17619.5,23840.7,34
1978, 164, 13697.3,18895.1,14
724, 164, 17552.1,23808.9,34
1642, 164, 17525.4,23795.9,34
988, 164, 18329,23512,34
3388, 164, 18331.1,23500.5,34
1384, 164, 13782.4,19591.2,14
532, 164, 13773.6,19588.8,14
1702, 164, 13741.8,19631.3,14
2398, 164, 7412.12,19900.7,29
2074, 164, 13971.7,18305,14
2866, 164, 19669.3,17754.8,39
2638, 164, 16230,13389.3,24
3160, 164, 20603.1,18365,39
1858, 164, 16414.6,13493.6,24
784, 164, 10013.6,13699.3,19
2032, 164, 9871.42,13230.5,19
2188, 166, 17988.9,23973.5,34
2944, 166, 17828.5,23802.2,34
298, 166, 17741,23898,34
2950, 166, 17589.3,23826.6,34
724, 166, 17520.2,23793.3,34
2398, 166, 7420.2,19919,29
1642, 166, 17494.2,23780.6,34
3388, 166, 18321.1,23520.3,34
988, 166, 18343,23482.9,34
2866, 166, 19685.4,17734.7,39
3160, 166, 20587.8,18359.6,39
784, 166, 10018.6,13717.8,19
2032, 166, 9878.2,13250.6,19
2638, 166, 16255.8,13397.9,24
2368, 166, 14121.2,19066.1,14
1750, 166, 14080.9,19260.4,14
118, 166, 13707.1,18937,14
1978, 166, 13702.4,18916.8,14
820, 166, 13669.7,19028.1,14
532, 166, 13772,19589,14
1384, 166, 13774.6,19592,14
568, 166, 13629.1,19543.6,14
1702, 166, 13751,19609.9,14
2074, 166, 13979.2,18327.4,14
934, 166, 13719.6,19685.1,14
2398, 168, 7428.25,19938.5,29
784, 168, 10022.9,13740.2,19
2032, 168, 9882.08,13263.1,19
2866, 168, 19707.9,17706.6,39
3160, 168, 20570.9,18353.7,39
2638, 168, 16280.9,13408.4,24
2638, 170, 16304,13420.9,24
2866, 170, 19723.4,17687.3,39
3160, 170, 20553.9,18347.7,39
784, 170, 10026.1,13761.6,19
2188, 170, 18059.5,24004.6,34
